Ti,Ni,Cu,Hf,Co,Zr,Pd,Ta,Nb,Al,热加工温度/℃,热加工率/%,一级处理温度/℃,一级处理时间/min,冷却方式,冷加工温度/℃,冷加工率/%,二级处理温度/℃,二级处理时间/min,冷却方式,应力 /Mpa,Ms/℃,Mp,Mf,As,Ap,Af,hysteresis,method,总应变,应变回复率,workout J/cm3,ref,label,备注,,,,
35.5,49.5,0,15,0,0,0,0,0,,,,950,120,WQ,,0,,,,100,189,,158,229,,264,72.244,0,0.822222222,90,0.74,9-2011,(Ni49.5TiHf15)Nb0,0拉伸,,,,
35.5,49.5,0,15,0,0,0,0,0,,,,950,120,WQ,,0,,,,200,192,,157,234,,271,77.947,0,2.574468085,94,4.84,9-2011,(Ni49.5TiHf15)Nb0,1压缩,,,,
35.5,49.5,0,15,0,0,0,0,0,,,,950,120,WQ,,0,,,,300,209,,163,243,,291,85.551,0,4.533333333,90,12.24,9-2011,(Ni49.5TiHf15)Nb0,2三点弯,,,,
35.5,49.5,0,15,0,0,0,0,0,,,,950,120,WQ,,0,,,,400,226,,173,254,,324,100.761,0,5.6875,80,18.2,9-2011,(Ni49.5TiHf15)Nb0,,,,,
35.5,49.5,0,15,0,0,0,0,0,,,,950,120,WQ,,0,,,,500,235,,179,263,,352,125.475,0,6.583333333,60,19.75,9-2011,(Ni49.5TiHf15)Nb0,,,,,
33.725,47.025,0,14.25,0,0,0,0,5,,,,950,120,WQ,,0,,,,100,168,,138,210,,245,79.85,0,0.622222222,90,0.56,9-2011,(Ni49.5TiHf15)Nb5,,,,,
33.725,47.025,0,14.25,0,0,0,0,5,,,,950,120,WQ,,0,,,,200,164,,121,201,,240,85.55,0,1.611111111,90,2.9,9-2011,(Ni49.5TiHf15)Nb5,,,,,
33.725,47.025,0,14.25,0,0,0,0,5,,,,950,120,WQ,,0,,,,300,169,,125,205,,276,98.86,0,3.565217391,92,9.839999999,9-2011,(Ni49.5TiHf15)Nb5,,,,,
33.725,47.025,0,14.25,0,0,0,0,5,,,,950,120,WQ,,0,,,,400,188,,138,219,,314,114.07,0,4.987804878,82,16.36,9-2011,(Ni49.5TiHf15)Nb5,,,,,
33.725,47.025,0,14.25,0,0,0,0,5,,,,950,120,WQ,,0,,,,500,211,,141,234,,348,136.88,0,5.484848485,66,18.1,9-2011,(Ni49.5TiHf15)Nb5,,,,,
31.95,44.55,0,13.5,0,0,0,0,10,,,,950,120,WQ,,0,,,,100,133,,94,179,,216,85.551,0,0.755813953,86,0.65,9-2011,(Ni49.5TiHf15)Nb10,,,,,
31.95,44.55,0,13.5,0,0,0,0,10,,,,950,120,WQ,,0,,,,200,130,,86,168,,211,87.453,0,1.766666667,90,3.180000001,9-2011,(Ni49.5TiHf15)Nb10,,,,,
31.95,44.55,0,13.5,0,0,0,0,10,,,,950,120,WQ,,0,,,,300,138,,89,172,,239,95.057,0,3.340659341,91,9.120000001,9-2011,(Ni49.5TiHf15)Nb10,,,,,
31.95,44.55,0,13.5,0,0,0,0,10,,,,950,120,WQ,,0,,,,400,162,,87,185,,279,106.464,0,4.348314607,89,15.48,9-2011,(Ni49.5TiHf15)Nb10,,,,,
31.95,44.55,0,13.5,0,0,0,0,10,,,,950,120,WQ,,0,,,,500,180,,118,206,,298,119.772,0,4.666666667,78,18.2,9-2011,(Ni49.5TiHf15)Nb10,,,,,
30.175,42.075,0,12.75,0,0,0,0,15,,,,950,120,WQ,,0,,,,100,72,,58,160,,181,95.053,0,0.25,88,0.22,9-2011,(Ni49.5TiHf15)Nb15,,,,,
30.175,42.075,0,12.75,0,0,0,0,15,,,,950,120,WQ,,0,,,,200,83,,52,153,,178,98.861,0,1.137931034,87,1.979999999,9-2011,(Ni49.5TiHf15)Nb15,,,,,
30.175,42.075,0,12.75,0,0,0,0,15,,,,950,120,WQ,,0,,,,300,90,,54,151,,188,100.759,0,2.239130435,92,6.180000001,9-2011,(Ni49.5TiHf15)Nb15,,,,,
30.175,42.075,0,12.75,0,0,0,0,15,,,,950,120,WQ,,0,,,,400,117,,55,144,,220,104.566,0,3.096774194,93,11.52,9-2011,(Ni49.5TiHf15)Nb15,,,,,
30.175,42.075,0,12.75,0,0,0,0,15,,,,950,120,WQ,,0,,,,500,149,,60,146,,261,106.467,0,3.709677419,93,17.25,9-2011,(Ni49.5TiHf15)Nb15,,,,,
34.7,50.3,0,15,0,0,0,0,0,,900,86,900,60,WQ,,0,500,180,WQ,100,41.6,,10.5,65.7,,85.1,42.1382,0,0.96,100,0.96,13-2015,Ni50.3TiHf15,,,,,
34.7,50.3,0,15,0,0,0,0,0,,900,86,900,60,WQ,,0,500,180,WQ,200,58.66,,23.2,77.1,,99.3,37.0724,0,2.34,100,4.68,13-2015,Ni50.3TiHf15,,,,,
34.7,50.3,0,15,0,0,0,0,0,,900,86,900,60,WQ,,0,500,180,WQ,300,71.41,,35,87.9,,112.9,36.3816,0,2.96,100,8.88,13-2015,Ni50.3TiHf15,,,,,
34.7,50.3,0,15,0,0,0,0,0,,900,86,900,60,WQ,,0,500,180,WQ,400,86,,,,,,,0,0,100,-10,13-2015,Ni50.3TiHf15,,,,,
34.7,50.3,0,15,0,0,0,0,0,,900,86,900,60,WQ,,0,600,600,WQ,100,103.5,,72,123.9,,155.35,46.0526,0,0.62,100,0.62,13-2015,Ni50.3TiHf15,,,,,
34.7,50.3,0,15,0,0,0,0,0,,900,86,900,60,WQ,,0,600,600,WQ,200,110.2,,74,135.5,,165.29,46.6283,0,1.765306122,98,3.459999999,13-2015,Ni50.3TiHf15,,,,,
34.7,50.3,0,15,0,0,0,0,0,,900,86,900,60,WQ,,0,600,600,WQ,300,120.2,,76,144.2,,180.71,46.2829,0,2.494845361,97,7.260000001,13-2015,Ni50.3TiHf15,,,,,
34.7,50.3,0,15,0,0,0,0,0,,900,86,900,60,WQ,,0,600,600,WQ,400,131,,,,,,,0,0,100,-10,13-2015,Ni50.3TiHf15,,,,,
29.7,50.3,0,0,0,20,0,0,0,,900,86,900,60,WQ,,0,500,2880,WQ,100,137.47,,109.63,158.36,,174.59,39.634,0,0.44,100,0.44,16-2013,Ni50.3TiZr20,,,,,
29.7,50.3,0,0,0,20,0,0,0,,900,86,900,60,WQ,,0,500,2880,WQ,200,143.52,,117.58,156,,181.29,37.601,0,1.13,100,2.26,16-2013,Ni50.3TiZr20,,,,,
29.7,50.3,0,0,0,20,0,0,0,,900,86,900,60,WQ,,0,500,2880,WQ,300,150.83,,119.09,155.56,,191.2,36.585,0,1.66,100,4.98,16-2013,Ni50.3TiZr20,,,,,
29.7,50.3,0,0,0,20,0,0,0,,900,86,900,60,WQ,,0,500,2880,WQ,400,156,,,,,,,0,0,100,-10,16-2013,Ni50.3TiZr20,,,,,
29.7,50.3,0,0,0,20,0,0,0,,900,86,900,60,WQ,,0,700,5,FC,100,136.52,,70.86,153.42,,191.13,71.138,0,0.2,100,0.2,16-2013,Ni50.3TiZr20,,,,,
29.7,50.3,0,0,0,20,0,0,0,,900,86,900,60,WQ,,0,700,5,FC,200,143.02,,71.51,157.98,,208.69,68.089,0,0.63,100,1.26,16-2013,Ni50.3TiZr20,,,,,
29.7,50.3,0,0,0,20,0,0,0,,900,86,900,60,WQ,,0,700,5,FC,300,156.02,,68.91,162.53,,223.64,64.024,0,1.03,100,3.09,16-2013,Ni50.3TiZr20,,,,,
29.7,50.3,0,0,0,20,0,0,0,,900,86,900,60,WQ,,0,700,5,FC,400,164,,,,,,,0,0,100,-10,16-2013,Ni50.3TiZr20,,,,,
29.7,50.3,0,20,0,0,0,0,0,,900,86,0,0,WQ,,0,,,,100,151.435,,138.652,171.466,,178.128,27.4144,1,0.57,100,0.57,23-2013,Ni50.3THf20,,,,,
29.7,50.3,0,20,0,0,0,0,0,,900,86,0,0,WQ,,0,,,,200,154.826,,131.398,174.478,,199.659,37.1103,1,1.4,100,2.8,23-2013,Ni50.3THf20,,,,,
29.7,50.3,0,20,0,0,0,0,0,,900,86,0,0,WQ,,0,,,,300,163.539,,131.601,172.158,,213.719,43.0038,1,2.5,100,7.5,23-2013,Ni50.3THf20,,,,,
29.7,50.3,0,20,0,0,0,0,0,,900,86,0,0,WQ,,0,,,,400,172.252,,137.108,163.429,,221.383,49.2776,1,2.1,100,8.4,23-2013,Ni50.3THf20,,,,,
29.7,50.3,0,20,0,0,0,0,0,,900,86,0,0,WQ,,0,,,,500,183.109,,134.097,163.21,,246.117,61.0646,1,2.5,100,12.5,23-2013,Ni50.3THf20,,,,,
29.7,50.3,0,20,0,0,0,0,0,,900,86,550,180,WQ,,0,,,,100,199.505,,175.374,213.754,,228.795,25.8935,1,2.71,100,2.71,23-2013,Ni50.3THf20,,,,,
29.7,50.3,0,20,0,0,0,0,0,,900,86,550,180,WQ,,0,,,,200,211.8,,176.575,222.011,,249.164,26.2738,1,3.2,100,6.4,23-2013,Ni50.3THf20,,,,,
29.7,50.3,0,20,0,0,0,0,0,,900,86,550,180,WQ,,0,,,,300,224.088,,178.769,233.29,,266.509,26.0837,1,3.3,100,9.9,23-2013,Ni50.3THf20,,,,,
29.7,50.3,0,20,0,0,0,0,0,,900,86,550,180,WQ,,0,,,,400,235.373,,182.976,245.572,,285.871,29.6958,1,3.5,100,14,23-2013,Ni50.3THf20,,,,,
29.7,50.3,0,20,0,0,0,0,0,,900,86,550,180,WQ,,0,,,,500,247.652,,181.127,256.856,,298.163,35.3992,1,3.2,100,16,23-2013,Ni50.3THf20,,,,,
29.7,50.3,0,20,0,0,0,0,0,,900,86,650,180,WQ,,0,,,,100,199.505,,178.987,217.593,,235.286,38.6312,1,1.1,100,1.1,23-2013,Ni50.3THf20,,,,,
29.7,50.3,0,20,0,0,0,0,0,,900,86,650,180,WQ,,0,,,,200,211.8,,177.649,218.467,,253.842,46.616,1,2,100,4,23-2013,Ni50.3THf20,,,,,
29.7,50.3,0,20,0,0,0,0,0,,900,86,650,180,WQ,,0,,,,300,224.088,,174.134,228.193,,274.618,52.6996,1,2.6,100,7.8,23-2013,Ni50.3THf20,,,,,
29.7,50.3,0,20,0,0,0,0,0,,900,86,650,180,WQ,,0,,,,400,235.373,,171.728,239.02,,282.135,53.27,1,3,100,12,23-2013,Ni50.3THf20,,,,,
29.7,50.3,0,20,0,0,0,0,0,,900,86,650,180,WQ,,0,,,,500,247.652,,173.741,238.827,,290.306,67.7186,1,3.2,95,15.2,23-2013,Ni50.3THf20,,,,,
29.7,50.3,0,20,0,0,0,0,0,,900,89,550,180,AC,,0,,,,300,184.6,,127.6,170.8,,211.3,18,0,4,95,11.4,38-2017,Ni50.3THf20,,,,,
29.7,50.3,0,20,0,0,0,0,0,,900,89,550,180,AC,,0,,,,400,211.7,,135.5,176.5,,229.3,18,0,4,90,14.4,38-2017,Ni50.3THf20,,,,,
33.5,50.5,,16,,,,,,,900,89,550,180,AC,,0,,,,300,116,,99,145,,169,,0,4.2,100,12.6,261-2024,NiTiHf,,,,,
30.4,50.6,,19,,,,,,,900,89,550,180,AC,,0,,,,300,161,,144,182,,195,,0,3.6,100,10.8,261-2024,NiTiHf,,,,,
50,44,5,,,,,,,1,850,50,,,,25,50,400,5,WQ,10,-5.2,,,,,,37.297,0,0.91,100,0.091,262-2019,TiNiCuAl,,,,,
50,44,5,,,,,,,1,850,50,,,,25,50,400,5,WQ,100,3,,,,,,39.567,0,1.7,100,1.7,262-2019,TiNiCuAl,,,,,
50,44,5,,,,,,,1,850,50,,,,25,50,400,5,WQ,200,19.2,,,,,,38.916,0,3.3,100,6.6,262-2019,TiNiCuAl,,,,,
50,44,5,,,,,,,1,850,50,,,,25,50,400,5,WQ,300,39.2,,,,,,44.432,0,4.2,91,11.466,262-2019,TiNiCuAl,,,,,
50,44,5,,,,,,,1,850,50,,,,25,50,400,5,WQ,400,53.3,,,,,,41.19,0,6.7,88,23.584,262-2019,TiNiCuAl,,,,,
50,44,5,,,,,,,1,850,50,,,,25,50,400,5,WQ,500,69.8,,,,,,46.378,0,6.7,83,27.805,262-2019,TiNiCuAl,,,,,
50,44,5,,,,,,,1,850,50,,,,25,50,400,5,WQ,600,83.7,,,,,,50.595,0,7,77,32.34,262-2019,TiNiCuAl,,,,,
49.2,44.8,,,6,,,,,,1000,90,,,,25,45,400,60,WQ,200,-226.2,,,,,,,0,0.12,100,0.24,283-2013,TiNiCo,,,,,
49.2,44.8,,,6,,,,,,1000,90,,,,25,45,400,60,WQ,400,-168.2,,,,,,42.552,0,0.66,100,2.64,283-2013,TiNiCo,,,,,
49.2,44.8,,,6,,,,,,1000,90,,,,25,45,400,60,WQ,600,-110.2,,,,,,44.681,0,3.86,100,23.16,283-2013,TiNiCo,,,,,
49.2,44.8,,,6,,,,,,1000,90,,,,25,45,400,60,WQ,800,-53.5,,,,,,36.166,0,4.66,96.7,36.08,283-2013,TiNiCo,,,,,
49.2,49.8,,,1,,,,,,1000,90,,,,25,45,400,60,WQ,100,-36,,,,,,81.9214,0,2.5350846,96.94508814,2.42,283-2013,TiNiCo,,,,,
49.2,49.8,,,1,,,,,,1000,90,,,,25,45,400,60,WQ,200,-10.1,,,,,,59.5775,0,4.500123,97.65844178,8.72,283-2013,TiNiCo,,,,,
49.2,49.8,,,1,,,,,,1000,90,,,,25,45,400,60,WQ,400,25.9,,,,,,44.684,0,6.049727,95.28694435,22.88,283-2013,TiNiCo,,,,,
49.2,49.8,,,1,,,,,,1000,90,,,,25,45,400,60,WQ,600,60.2,,,,,,48.9395,0,6.409312,86.55624816,32.82,283-2013,TiNiCo,,,,,
49.2,46.8,,,4,,,,,,1000,90,,,,25,45,400,60,WQ,400,-100,,,,,,63.826,0,4.2400081,99.7059416,16,283-2013,TiNiCo,,,,,
49.2,46.8,,,4,,,,,,1000,90,,,,25,45,400,60,WQ,600,-54,,,,,,54.258,0,5.1942051,98.21137021,30.24,283-2013,TiNiCo,,,,,
49.2,46.8,,,4,,,,,,1000,90,,,,25,45,400,60,WQ,800,-8,,,,,,37.244,0,5.628094,85.02310018,36.8,283-2013,TiNiCo,,,,,
49.96,50.04,,,,,,,,,,,,,,25,50,250,30,WQ,200,-77.727,,,,,,49.949,0,0.474,87.1499789,0.8261818,265-2022,TiNi,,,,,
49.96,50.04,,,,,,,,,,,,,,25,50,350,5,WQ,200,-68.108,,,,,,37.149,0,1.05,91.60173333,1.9236364,265-2022,TiNi,,,,,
49.96,50.04,,,,,,,,,,,,,,25,50,350,10,WQ,200,-62.123,,,,,,56.19,0,1.2,93.2197,2.2372728,265-2022,TiNi,,,,,
49.96,50.04,,,,,,,,,,,,,,25,50,400,2,WQ,200,-54.333,,,,,,56.816,0,2.59,97.70094595,5.060909,265-2022,TiNi,,,,,
49.96,50.04,,,,,,,,,,,,,,25,50,400,3,WQ,200,-49.912,,,,,,58.065,0,3.01,98.20296013,5.9118182,265-2022,TiNi,,,,,
49.96,50.04,,,,,,,,,,,,,,25,50,485,2,WQ,200,-41.076,,,,,,68.679,0,3.59,97.27779109,6.9845454,265-2022,TiNi,,,,,
49.96,50.04,,,,,,,,,,,,,,25,50,520,3,WQ,200,-32.498,,,,,,67.743,0,4.3,96.5222093,8.30091,265-2022,TiNi,,,,,
49.96,50.04,,,,,,,,,,,,,,25,50,550,5,WQ,200,-24.966,,,,,,39.335,0,5.5,93.11570909,10.242728,265-2022,TiNi,,,,,
49.96,50.04,,,,,,,,,,,,,,25,50,580,8,WQ,200,-18.732,,,,,,39.023,0,5.89,90.79332767,10.695454,265-2022,TiNi,,,,,
49.96,50.04,,,,,,,,,,,,,,25,50,250,30,WQ,300,-18.739,,,,,,24.349,0,0.85,96.84491765,2.4695454,265-2022,TiNi,,,,,
49.96,50.04,,,,,,,,,,,,,,25,50,350,5,WQ,300,-6.294,,,,,,36.835,0,1.37,91.57262774,3.763635,265-2022,TiNi,,,,,
49.96,50.04,,,,,,,,,,,,,,25,50,350,10,WQ,300,0.249,,,,,,37.148,0,2.08,93.79370192,5.852727,265-2022,TiNi,,,,,
49.96,50.04,,,,,,,,,,,,,,25,50,400,2,WQ,300,9.241,,,,,,37.773,0,3.13,97.1826901,9.1254546,265-2022,TiNi,,,,,
49.96,50.04,,,,,,,,,,,,,,25,50,400,3,WQ,300,15.161,,,,,,43.394,0,3.96,97.70431566,11.6072727,265-2022,TiNi,,,,,
49.96,50.04,,,,,,,,,,,,,,25,50,485,2,WQ,300,23.244,,,,,,51.187,0,4.22,96.87635071,12.264546,265-2022,TiNi,,,,,
49.96,50.04,,,,,,,,,,,,,,25,50,520,3,WQ,300,31.008,,,,,,43.393,0,4.88,96.06930328,14.064546,265-2022,TiNi,,,,,
49.96,50.04,,,,,,,,,,,,,,25,50,550,5,WQ,300,34.736,,,,,,35.588,0,5.86,92.67762799,16.292727,265-2022,TiNi,,,,,
49.96,50.04,,,,,,,,,,,,,,25,50,580,8,WQ,300,39.71,,,,,,34.34,0,6.3,89.29293651,16.876365,265-2022,TiNi,,,,,
30,35,,20,,,15,,,,,,1050,120,WQ,,,,,,10,468.3,,,,,,,1,0.8,100,0.08,268-2019,TiNiHfPd,,,,,
30,35,,20,,,15,,,,,,1050,120,WQ,,,,,,25,495.1,,,,,,,1,0.8,100,0.2,268-2019,TiNiHfPd,,,,,
30,35,,20,,,15,,,,,,1050,120,WQ,,,,,,75,510.6,,,,,,,1,0.8,100,0.6,268-2019,TiNiHfPd,,,,,
16.67,25,15,16.67,10,16.67,,,,,,,1000,120,WQ,,,,,,200,66.9,,,,,,56.6434,2,1.7,100,3.4,269-2019,TiZrHfNiCoCu,,,,,
16.67,25,15,16.67,10,16.67,,,,,,,1000,120,WQ,,,,,,500,79.2,,,,,,72.9604,2,4.1,95,19.5,269-2019,TiZrHfNiCoCu,,,,,
16.67,25,15,16.67,10,16.67,,,,,,,1000,120,WQ,,,,,,650,87.5,,,,,,82.0513,2,5.1,94,31.2,269-2019,TiZrHfNiCoCu,,,,,
50,50,,,,,,,,,,,900,60,WQ,,,,,,100,46.5,,,,,,59.8,2,1.8,100,1.8,269-2019,TiNi,,,,,
50,50,,,,,,,,,,,900,60,WQ,,,,,,200,50.9,,,,,,71.9,2,4.9,100,9.8,269-2019,TiNi,,,,,
39.7,40.3,,15,,,5,,,,,,1050,120,FC,,,,,,300,81.6129,,,,,,47.6506,1,0.25,100,0.75,270-2018,TiNiHfPd,,,,,
39.7,40.3,,15,,,5,,,,,,1050,120,FC,,,,,,500,83.0645,,,,,,49.8595,1,0.45,80,1.8,270-2018,TiNiHfPd,,,,,
39.7,40.3,,15,,,5,,,,,,1050,120,FC,,,,,,700,88.871,,,,,,59.9827,1,0.59,61,2.5193,270-2018,TiNiHfPd,,,,,
39.7,40.3,,15,,,5,,,,,,1050,120,FC,,,,,,1000,95.1613,,,,,,64.2037,1,0.79,53,4.187,270-2018,TiNiHfPd,,,,,
44.7,40.3,,10,,,5,,,,,,1050,120,FC,,,,,,300,52.0968,,,,,,61.0827,1,0.54,95,1.539,270-2018,TiNiHfPd,,,,,
44.7,40.3,,10,,,5,,,,,,1050,120,FC,,,,,,500,62.5806,,,,,,65.6152,1,0.88,87,3.828,270-2018,TiNiHfPd,,,,,
44.7,40.3,,10,,,5,,,,,,1050,120,FC,,,,,,700,75.1613,,,,,,78.133,1,1.34,75,7.035,270-2018,TiNiHfPd,,,,,
44.7,40.3,,10,,,5,,,,,,1050,120,FC,,,,,,1000,90.4839,,,,,,96.8755,1,1.8,58,10.44,270-2018,TiNiHfPd,,,,,
39.7,40.3,,15,,,5,,,,,,1050,120,FC,,,350,180,WQ,300,70.6309,,,,,,36.5782,1,0.54,100,1.62,270-2018,TiNiHfPd,,,,,
39.7,40.3,,15,,,5,,,,,,1050,120,FC,,,350,180,WQ,500,77.228,,,,,,52.1144,1,0.9,67,3.015,270-2018,TiNiHfPd,,,,,
39.7,40.3,,15,,,5,,,,,,1050,120,FC,,,350,180,WQ,700,88.1656,,,,,,66.4699,1,0.96,60,4.032,270-2018,TiNiHfPd,,,,,
39.7,40.3,,15,,,5,,,,,,1050,120,FC,,,350,180,WQ,1000,101.509,,,,,,60.1765,1,1.1,50,5.5,270-2018,TiNiHfPd,,,,,
44.7,40.3,,10,,,5,,,,,,1050,120,FC,,,500,180,WQ,300,44.3567,,,,,,35.794,1,0.74,87,1.9314,270-2018,TiNiHfPd,,,,,
44.7,40.3,,10,,,5,,,,,,1050,120,FC,,,500,180,WQ,500,54.8523,,,,,,51.2382,1,1.01,70,3.535,270-2018,TiNiHfPd,,,,,
44.7,40.3,,10,,,5,,,,,,1050,120,FC,,,500,180,WQ,700,62.7875,,,,,,52.2774,1,1.24,58,5.0344,270-2018,TiNiHfPd,,,,,
44.7,40.3,,10,,,5,,,,,,1050,120,FC,,,500,180,WQ,1000,75.2741,,,,,,44.412,1,1.5,40,6,270-2018,TiNiHfPd,,,,,
39.7,40.3,,15,,,5,,,,,,1050,120,FC,,,350,180,WQ,300,128.25,,,,,,54.868,1,0.4,50,0.6,270-2018,TiNiHfPd,,,,,
39.7,40.3,,15,,,5,,,,,,1050,120,FC,,,350,180,WQ,500,131.151,,,,,,53.884,1,0.4,50,1,270-2018,TiNiHfPd,,,,,
39.7,40.3,,15,,,5,,,,,,1050,120,FC,,,350,180,WQ,700,136.421,,,,,,66.077,1,0.5,40,1.4,270-2018,TiNiHfPd,,,,,
39.7,40.3,,15,,,5,,,,,,1050,120,FC,,,350,180,WQ,1000,139.314,,,,,,50.737,1,0.7,30,2.1,270-2018,TiNiHfPd,,,,,
44.7,40.3,,10,,,5,,,,,,1050,120,FC,,,500,180,WQ,300,75.9901,,,,,,48.713,1,0.6,80,1.44,270-2018,TiNiHfPd,,,,,
44.7,40.3,,10,,,5,,,,,,1050,120,FC,,,500,180,WQ,500,86.2376,,,,,,52.129,1,0.97,64,3.104,270-2018,TiNiHfPd,,,,,
44.7,40.3,,10,,,5,,,,,,1050,120,FC,,,500,180,WQ,700,92.0297,,,,,,60.298,1,1.21,50,4.235,270-2018,TiNiHfPd,,,,,
30.2,49.8,,20,,,,,,,900,80,,,,,,,,,100,284.431,,,,,,55.0397,0,0.597643,100,0.597643,73-2018,TiNiHf,,,,,
30.2,49.8,,20,,,,,,,900,80,,,,,,,,,200,294.162,,,,,,62.6938,0,1.79638,100,3.59276,73-2018,TiNiHf,,,,,
30.2,49.8,,20,,,,,,,900,80,,,,,,,,,300,295.641,,,,,,70.8786,0,2.51416,100,7.54248,73-2018,TiNiHf,,,,,
30.2,49.8,,20,,,,,,,900,80,,,,,,,,,400,305.611,,,,,,78.8006,0,2.93433,100,11.73732,73-2018,TiNiHf,,,,,
30.2,49.8,,20,,,,,,,900,80,,,,,,,,,500,312.335,,,,,,76.3551,0,3.09513,100,15.47565,73-2018,TiNiHf,,,,,
28.8,51.2,,20,,,,,,,,,900,180,WQ,,,450,180,WQ,500,-25.2004,,,,,,18.2857,1,0.141862,100,0.70931,48-2017,TiNiHf,,,,,
28.8,51.2,,20,,,,,,,,,900,180,WQ,,,450,180,WQ,700,-19.557,,,,,,28.5714,1,0.510639,100,3.574473,48-2018,TiNiHf,,,,,
28.8,51.2,,20,,,,,,,,,900,180,WQ,,,450,180,WQ,1000,6.54443,,,,,,23.1429,1,0.993129,100,9.93129,48-2018,TiNiHf,,,,,
28.8,51.2,,20,,,,,,,,,900,180,WQ,,,450,180,WQ,1200,27.7566,,,,,,18,1,1.07376,100,12.88512,48-2018,TiNiHf,,,,,
28.8,51.2,,20,,,,,,,,,900,180,WQ,,,450,180,WQ,1500,61.2075,,,,,,21.7143,1,1.26279,100,18.94185,48-2018,TiNiHf,,,,,
28.8,51.2,,20,,,,,,,,,900,180,WQ,,,450,180,WQ,1700,76.7,,,,,,21.7143,1,1.32985,100,22.60745,48-2018,TiNiHf,,,,,
28.8,51.2,,20,,,,,,,,,900,180,WQ,,,550,180,WQ,100,56.6335,,,,,,40.5714,1,0.284824,100,0.284824,48-2018,TiNiHf,,,,,
28.8,51.2,,20,,,,,,,,,900,180,WQ,,,550,180,WQ,300,84.637,,,,,,38,1,0.702452,100,2.107356,48-2018,TiNiHf,,,,,
28.8,51.2,,20,,,,,,,,,900,180,WQ,,,550,180,WQ,400,99.5458,,,,,,36.2857,1,1.09296,100,4.37184,48-2018,TiNiHf,,,,,
28.8,51.2,,20,,,,,,,,,900,180,WQ,,,550,180,WQ,700,119.369,,,,,,35.4286,1,1.28507,100,8.99549,48-2018,TiNiHf,,,,,
28.8,51.2,,20,,,,,,,,,900,180,WQ,,,550,180,WQ,1000,137.634,,,,,,36.2857,1,1.54194,100,15.4194,48-2018,TiNiHf,,,,,
28.8,51.2,,20,,,,,,,,,900,180,WQ,,,550,180,WQ,1200,159.102,,,,,,36.5714,1,1.67157,100,20.05884,48-2018,TiNiHf,,,,,
28.8,51.2,,20,,,,,,,,,900,180,WQ,,,550,180,WQ,1500,173.282,,,,,,44,1,1.76555,100,26.48325,48-2018,TiNiHf,,,,,
28.8,51.2,,20,,,,,,,,,900,180,WQ,,,650,180,WQ,100,124.218,,,,,,33.4286,1,0.227736,100,0.227736,48-2018,TiNiHf,,,,,
28.8,51.2,,20,,,,,,,,,900,180,WQ,,,650,180,WQ,300,131.02,,,,,,39.1429,1,0.838275,100,2.514825,48-2018,TiNiHf,,,,,
28.8,51.2,,20,,,,,,,,,900,180,WQ,,,650,180,WQ,500,143.946,,,,,,42,1,1.2207,100,6.1035,48-2018,TiNiHf,,,,,
28.8,51.2,,20,,,,,,,,,900,180,WQ,,,650,180,WQ,700,160.272,,,,,,54,1,1.35576,100,9.49032,48-2018,TiNiHf,,,,,
28.8,51.2,,20,,,,,,,,,900,180,WQ,,,650,180,WQ,1000,175.238,,,,,,79.7143,1,1.30012,100,13.0012,48-2018,TiNiHf,,,,,
29.7,45.3,5,20,,,,,,,900,89,,,,,,,,,100,111.055,,,,,,30.9712,1,0.495534,100,0.495534,210-2015,TiNiHfCu,,,,,
29.7,45.3,5,20,,,,,,,900,89,,,,,,,,,200,115.454,,,,,,39.0145,1,1.00421,100,2.00842,210-2015,TiNiHfCu,,,,,
29.7,45.3,5,20,,,,,,,900,89,,,,,,,,,300,122.917,,,,,,46.2278,1,1.593008,93.43016482,4.46505,210-2015,TiNiHfCu,,,,,
29.7,45.3,5,20,,,,,,,900,89,,,,,,,,,400,124.26,,,,,,56.3416,1,2.175556,85.71280169,7.45892,210-2015,TiNiHfCu,,,,,
29.7,45.3,5,20,,,,,,,900,89,,,,,,,,,500,131.716,,,,,,66.4563,1,2.089181,81.2064632,8.48275,210-2015,TiNiHfCu,,,,,
29.7,45.3,5,20,,,,,,,900,89,400,180,WQ,,,,,,100,116.392,,,,,,27.6566,1,0.6180149,97.1135162,0.600176,210-2015,TiNiHfCu,,,,,
29.7,45.3,5,20,,,,,,,900,89,400,180,WQ,,,,,,300,125.191,,,,,,41.6711,1,1.620028,92.44037757,4.49268,210-2015,TiNiHfCu,,,,,
29.7,45.3,5,20,,,,,,,900,89,400,180,WQ,,,,,,500,137.584,,,,,,59.2058,1,2.405367,82.93827927,9.97485,210-2015,TiNiHfCu,,,,,
29.7,45.3,5,20,,,,,,,900,89,400,180,WQ,,,,,,700,150.057,,,,,,83.3697,1,2.732898,77.69298378,14.86289,210-2015,TiNiHfCu,,,,,
29.7,45.3,5,20,,,,,,,900,89,550,180,WQ,,,,,,100,133.976,,,,,,36.1487,1,0.39385203,98.47911664,0.387862,210-2015,TiNiHfCu,,,,,
29.7,45.3,5,20,,,,,,,900,89,550,180,WQ,,,,,,200,136.453,,,,,,41.2926,1,0.7348502,97.71324822,1.436092,210-2015,TiNiHfCu,,,,,
29.7,45.3,5,20,,,,,,,900,89,550,180,WQ,,,,,,300,135.165,,,,,,47.8846,1,1.252377,87.88328115,3.30189,210-2015,TiNiHfCu,,,,,
29.7,45.3,5,20,,,,,,,900,89,550,180,WQ,,,,,,400,142.454,,,,,,51.5788,1,1.746235,88.63927249,6.1914,210-2015,TiNiHfCu,,,,,
29.7,45.3,5,20,,,,,,,900,89,550,180,WQ,,,,,,500,150.616,,,,,,57.1348,1,1.89769,90.53744289,8.5906,210-2015,TiNiHfCu,,,,,
29.7,45.3,5,20,,,,,,,900,89,550,1440,WQ,,,,,,100,162.235,,,,,,41.3263,1,0.507967169,99.97417774,0.507836,210-2015,TiNiHfCu,,,,,
29.7,45.3,5,20,,,,,,,900,89,550,1440,WQ,,,,,,300,164.825,,,,,,49.5414,1,1.35680796,99.26312637,4.04043,210-2015,TiNiHfCu,,,,,
29.7,45.3,5,20,,,,,,,900,89,550,1440,WQ,,,,,,400,170.445,,,,,,53.8564,1,1.814601,94.28629214,6.84368,210-2015,TiNiHfCu,,,,,
29.7,45.3,5,20,,,,,,,900,89,550,1440,WQ,,,,,,500,180.103,,,,,,59.8271,1,1.989773,94.54244278,9.4059,210-2015,TiNiHfCu,,,,,
29.7,45.3,5,20,,,,,,,900,89,550,1440,WQ,,,,,,700,183.916,,,,,,65.5,1,2.321933,78.58796959,12.77332,210-2015,TiNiHfCu,,,,,
29.7,50.3,,15,,5,,,,,,,1000,60,WQ,,,,,,50,134.958,,,,,,,2,0.262087,100,0.1310435,272-2021,TiNiHfZr,,,,,
29.7,50.3,,15,,5,,,,,,,1000,60,WQ,,,,,,100,136.362,,,,,,,2,0.673451,100,0.673451,272-2021,TiNiHfZr,,,,,
29.7,50.3,,15,,5,,,,,,,1000,60,WQ,,,,,,150,134.116,,,,,,,2,1.10872,100,1.66308,272-2021,TiNiHfZr,,,,,
29.7,50.3,,15,,5,,,,,,,1000,60,WQ,,,,,,200,138.157,,,,,,,2,1.52788,100,3.05576,272-2021,TiNiHfZr,,,,,
29.7,50.3,,15,,5,,,,,,,1000,60,WQ,,,,,,300,143.227,,,,,,,2,2.33451,100,7.00353,272-2021,TiNiHfZr,,,,,
30,50,,15,,5,,,,,,,1000,60,WQ,,,,,,50,200.842,,,,,,,2,0.437547,100,0.2187735,272-2021,TiNiHfZr,,,,,
30,50,,15,,5,,,,,,,1000,60,WQ,,,,,,100,200.789,,,,,,,2,0.992663,100,0.992663,272-2021,TiNiHfZr,,,,,
30,50,,15,,5,,,,,,,1000,60,WQ,,,,,,150,204.895,,,,,,,2,1.54732,100,2.32098,272-2021,TiNiHfZr,,,,,
30,50,,15,,5,,,,,,,1000,60,WQ,,,,,,200,209.632,,,,,,,2,2.18993,100,4.37986,272-2021,TiNiHfZr,,,,,
30,50,,15,,5,,,,,,,1000,60,WQ,,,,,,300,212.474,,,,,,,2,4.81493,100,14.44479,272-2021,TiNiHfZr,,,,,
30.5,49.5,,15,,5,,,,,,,1000,60,WQ,,,,,,50,283.448,,,,,,,2,0.501437,100,0.2507185,272-2021,TiNiHfZr,,,,,
30.5,49.5,,15,,5,,,,,,,1000,60,WQ,,,,,,100,285.715,,,,,,,2,0.912627,100,0.912627,272-2021,TiNiHfZr,,,,,
30.5,49.5,,15,,5,,,,,,,1000,60,WQ,,,,,,150,292.439,,,,,,,2,1.34798,100,2.02197,272-2021,TiNiHfZr,,,,,
30.5,49.5,,15,,5,,,,,,,1000,60,WQ,,,,,,200,296.252,,,,,,,2,1.83093,100,3.66186,272-2021,TiNiHfZr,,,,,
30.5,49.5,,15,,5,,,,,,,1000,60,WQ,,,,,,300,298.655,,,,,,,2,2.90079,100,8.70237,272-2021,TiNiHfZr,,,,,
31.5,48.5,,15,,5,,,,,,,1000,60,WQ,,,,,,50,282.856,,,,,,,2,0.318067,100,0.1590335,272-2021,TiNiHfZr,,,,,
31.5,48.5,,15,,5,,,,,,,1000,60,WQ,,,,,,100,287.238,,,,,,,2,0.681318,100,0.681318,272-2021,TiNiHfZr,,,,,
31.5,48.5,,15,,5,,,,,,,1000,60,WQ,,,,,,150,290.859,,,,,,,2,0.95712,100,1.43568,272-2021,TiNiHfZr,,,,,
31.5,48.5,,15,,5,,,,,,,1000,60,WQ,,,,,,200,296.305,,,,,,,2,1.31266,100,2.62532,272-2021,TiNiHfZr,,,,,
31.5,48.5,,15,,5,,,,,,,1000,60,WQ,,,,,,300,301.7,,,,,,,2,2.02351,100,6.07053,272-2021,TiNiHfZr,,,,,
33,47,,15,,5,,,,,,,1000,60,WQ,,,,,,50,282.836,,,,,,,2,0.293859,100,0.1469295,272-2021,TiNiHfZr,,,,,
33,47,,15,,5,,,,,,,1000,60,WQ,,,,,,100,287.313,,,,,,,2,0.513812,100,0.513812,272-2021,TiNiHfZr,,,,,
33,47,,15,,5,,,,,,,1000,60,WQ,,,,,,150,289.179,,,,,,,2,0.725854,100,1.088781,272-2021,TiNiHfZr,,,,,
33,47,,15,,5,,,,,,,1000,60,WQ,,,,,,200,296.642,,,,,,,2,0.953631,100,1.907262,272-2021,TiNiHfZr,,,,,
33,47,,15,,5,,,,,,,1000,60,WQ,,,,,,300,300.373,,,,,,,2,1.41738,100,4.25214,272-2021,TiNiHfZr,,,,,
36,44,,15,,5,,,,,,,1000,60,WQ,,,,,,50,296.169,,,,,,,2,0.214386,100,0.107193,272-2021,TiNiHfZr,,,,,
36,44,,15,,5,,,,,,,1000,60,WQ,,,,,,100,298.085,,,,,,,2,0.274722,100,0.274722,272-2021,TiNiHfZr,,,,,
36,44,,15,,5,,,,,,,1000,60,WQ,,,,,,150,301.034,,,,,,,2,0.36696,100,0.55044,272-2021,TiNiHfZr,,,,,
36,44,,15,,5,,,,,,,1000,60,WQ,,,,,,200,305.323,,,,,,,2,0.443203,100,0.886406,272-2021,TiNiHfZr,,,,,
36,44,,15,,5,,,,,,,1000,60,WQ,,,,,,300,307.537,,,,,,,2,0.667426,100,2.002278,272-2021,TiNiHfZr,,,,,
31.5,48.5,,5,,15,,,,,,,1000,60,WQ,,,,,,50,252.634,,,,,,,2,0.310116,100,0.155058,272-2021,TiNiHfZr,,,,,
31.5,48.5,,5,,15,,,,,,,1000,60,WQ,,,,,,100,257.23,,,,,,,2,0.586246,100,0.586246,272-2021,TiNiHfZr,,,,,
31.5,48.5,,5,,15,,,,,,,1000,60,WQ,,,,,,150,261.216,,,,,,,2,0.811448,100,1.217172,272-2021,TiNiHfZr,,,,,
31.5,48.5,,5,,15,,,,,,,1000,60,WQ,,,,,,200,267.123,,,,,,,2,1.04226,100,2.08452,272-2021,TiNiHfZr,,,,,
31.5,48.5,,5,,15,,,,,,,1000,60,WQ,,,,,,300,271.142,,,,,,,2,1.5097,100,4.5291,272-2021,TiNiHfZr,,,,,
31.5,48.5,,7.5,,12.5,,,,,,,1000,60,WQ,,,,,,50,261.829,,,,,,,2,0.242168,100,0.121084,272-2021,TiNiHfZr,,,,,
31.5,48.5,,7.5,,12.5,,,,,,,1000,60,WQ,,,,,,100,270.363,,,,,,,2,0.495617,100,0.495617,272-2021,TiNiHfZr,,,,,
31.5,48.5,,7.5,,12.5,,,,,,,1000,60,WQ,,,,,,150,274.893,,,,,,,2,0.732251,100,1.0983765,272-2021,TiNiHfZr,,,,,
31.5,48.5,,7.5,,12.5,,,,,,,1000,60,WQ,,,,,,200,269.083,,,,,,,2,1.04515,100,2.0903,272-2021,TiNiHfZr,,,,,
31.5,48.5,,7.5,,12.5,,,,,,,1000,60,WQ,,,,,,300,274.208,,,,,,,2,1.6286,100,4.8858,272-2021,TiNiHfZr,,,,,
31.5,48.5,,10,,10,,,,,,,1000,60,WQ,,,,,,50,267.447,,,,,,,2,0.445988,100,0.222994,272-2021,TiNiHfZr,,,,,
31.5,48.5,,10,,10,,,,,,,1000,60,WQ,,,,,,100,270.991,,,,,,,2,0.656984,100,0.656984,272-2021,TiNiHfZr,,,,,
31.5,48.5,,10,,10,,,,,,,1000,60,WQ,,,,,,150,274.653,,,,,,,2,1.01524,100,1.52286,272-2021,TiNiHfZr,,,,,
31.5,48.5,,10,,10,,,,,,,1000,60,WQ,,,,,,200,279.29,,,,,,,2,1.39599,100,2.79198,272-2021,TiNiHfZr,,,,,
31.5,48.5,,10,,10,,,,,,,1000,60,WQ,,,,,,300,287.399,,,,,,,2,2.03328,100,6.09984,272-2021,TiNiHfZr,,,,,
31.5,48.5,,12.5,,7.5,,,,,,,1000,60,WQ,,,,,,50,274.099,,,,,,,2,0.397907,100,0.1989535,272-2021,TiNiHfZr,,,,,
31.5,48.5,,12.5,,7.5,,,,,,,1000,60,WQ,,,,,,100,276.983,,,,,,,2,0.679697,100,0.679697,272-2021,TiNiHfZr,,,,,
31.5,48.5,,12.5,,7.5,,,,,,,1000,60,WQ,,,,,,150,278.325,,,,,,,2,0.930316,100,1.395474,272-2021,TiNiHfZr,,,,,
31.5,48.5,,12.5,,7.5,,,,,,,1000,60,WQ,,,,,,200,287.228,,,,,,,2,1.26306,100,2.52612,272-2021,TiNiHfZr,,,,,
31.5,48.5,,12.5,,7.5,,,,,,,1000,60,WQ,,,,,,300,288.719,,,,,,,2,1.95973,100,5.87919,272-2021,TiNiHfZr,,,,,
45.2,44.8,5,5,,,,,,,,,,,,,,,,,100,36.3142,,,,,,64.3253,0,4.74897,100,4.74897,273-2021,TiNiHfCu,,,,,
45.2,44.8,5,5,,,,,,,,,,,,,,,,,200,46.3033,,,,,,79.4745,0,6.9331,87.01619766,12.06584,273-2021,TiNiHfCu,,,,,
45.2,44.8,5,5,,,,,,,,,,,,,,,,,300,66.9715,,,,,,79.0821,0,7.66287,81.30700377,18.69135,273-2021,TiNiHfCu,,,,,
45.2,44.8,5,5,,,,,,,,,,,,,,,,,400,76.5306,,,,,,80.7488,0,8.54644,62.21151731,21.26748,273-2021,TiNiHfCu,,,,,
40.2,44.8,5,5,,5,,,,,,,,,,,,,,,100,-18.5369,,,,,,69.476,0,0.658436,100,0.658436,273-2021,TiNiHfZrCu,,,,,
40.2,44.8,5,5,,5,,,,,,,,,,,,,,,200,-16.9913,,,,,,92.678,0,2.04938,100,4.09876,273-2021,TiNiHfZrCu,,,,,
40.2,44.8,5,5,,5,,,,,,,,,,,,,,,300,4.09038,,,,,,92.8466,0,3.90453407,99.91537864,11.70369,273-2021,TiNiHfZrCu,,,,,
40.2,44.8,5,5,,5,,,,,,,,,,,,,,,400,3.08272,,,,,,120.075,0,4.601353,88.00411531,16.19752,273-2021,TiNiHfZrCu,,,,,
40.2,44.8,5,5,,5,,,,,,,,,,,,,,,500,12.85,,,,,,130.543,0,5.792608,86.24578083,24.9794,273-2021,TiNiHfZrCu,,,,,
50.5,34.5,,,,,15,,,,900,88,400,60,FC,,,,,,100,80.1829,,,,,,13.611,0,2.703276,93.91604853,2.53881,274-2010,TiNiPd,,,,,
50.5,34.5,,,,,15,,,,900,88,400,60,FC,,,,,,200,99.0454,,,,,,13.61,0,3.23468,93.01291009,6.01734,274-2010,TiNiPd,,,,,
50.5,34.5,,,,,15,,,,900,88,400,60,FC,,,,,,300,121.089,,,,,,14.461,0,3.319417,91.29012715,9.0909,274-2010,TiNiPd,,,,,
50.5,29.5,,,,,20,,,,900,88,400,60,FC,,,,,,100,141.17,,,,,,11.059,0,2.222768,88.62058478,1.96983,274-2010,TiNiPd,,,,,
50.5,29.5,,,,,20,,,,900,88,400,60,FC,,,,,,200,160.046,,,,,,9.357,0,3.068834,90.17203277,5.53446,274-2010,TiNiPd,,,,,
50.5,29.5,,,,,20,,,,900,88,400,60,FC,,,,,,300,177.438,,,,,,14.462,0,3.21492,88.35460913,8.52159,274-2010,TiNiPd,,,,,
50.5,24.5,,,,,25,,,,900,88,400,60,FC,,,,,,100,193.61,,,,,,14.462,0,2.018968,84.76211609,1.71132,274-2010,TiNiPd,,,,,
50.5,24.5,,,,,25,,,,900,88,400,60,FC,,,,,,200,214.966,,,,,,11.91,0,2.874053,87.88286089,5.0516,274-2010,TiNiPd,,,,,
50.5,24.5,,,,,25,,,,900,88,400,60,FC,,,,,,300,231.746,,,,,,17.863,0,3.070723,85.76416694,7.90074,274-2010,TiNiPd,,,,,
50.5,24.5,,,,,25,,,,900,88,400,60,FC,,,,,,400,242.424,,,,,,18.715,0,2.718585,83.07814543,9.0342,274-2010,TiNiPd,,,,,
50.5,19.5,,,,,30,,,,900,88,400,60,FC,,,,,,100,248.978,,,,,,19.56,0,1.953373,80.54426881,1.57333,274-2010,TiNiPd,,,,,
50.5,19.5,,,,,30,,,,900,88,400,60,FC,,,,,,200,266.058,,,,,,17.86,0,2.763245,84.54516339,4.67238,274-2010,TiNiPd,,,,,
50.5,19.5,,,,,30,,,,900,88,400,60,FC,,,,,,300,281.672,,,,,,17.87,0,2.935383,83.84834279,7.38381,274-2010,TiNiPd,,,,,
50.5,19.5,,,,,30,,,,900,88,400,60,FC,,,,,,400,300.389,,,,,,19.56,0,2.562457,81.41756135,8.34516,274-2010,TiNiPd,,,,,
50,33.5,12.5,,,,4,,,,,,950,120,WQ,,,,,,20,27.5312,,,,,,26.8912,0,0.11,100,0.022,275-2018,TiNiPdCu,,,,,
50,33.5,12.5,,,,4,,,,,,950,120,WQ,,,,,,30,28.5714,,,,,,19.8879,0,0.5,100,0.15,275-2018,TiNiPdCu,,,,,
50,33.5,12.5,,,,4,,,,,,950,120,WQ,,,,,,40,29.9584,,,,,,14.8316,0,0.9,100,0.36,275-2018,TiNiPdCu,,,,,
50,33.5,12.5,,,,4,,,,,,950,120,WQ,,,,,,50,31.5187,,,,,,14.1273,0,1.3,100,0.65,275-2018,TiNiPdCu,,,,,
50,33.5,12.5,,,,4,,,,,,950,120,WQ,,,,,,60,32.3856,,,,,,14.6804,0,1.8,100,1.08,275-2018,TiNiPdCu,,,,,
50,33.5,12.5,,,,4,,,,,,950,120,WQ,,,,,,70,33.9459,,,,,,15.9227,0,1.9,100,1.33,275-2018,TiNiPdCu,,,,,
50,33.5,12.5,,,,4,,,,,,950,120,WQ,,,,,,80,34.466,,,,,,14.6446,0,2.3,100,1.84,275-2018,TiNiPdCu,,,,,
50,20,5,,,,25,,,,,,950,120,WQ,25,40,500,60,WQ,100,114.215,,,,,,51.902,0,0.5913955,86.08300198,0.509091,276-2014,TiNiPdCu,,105.882,0.0823045,0.6737,87.78321211
50,20,5,,,,25,,,,,,950,120,WQ,25,40,500,60,WQ,200,125.047,,,,,,51.903,0,1.4078554,92.98469147,2.61818,276-2014,TiNiPdCu,,200.905,0.0987654,1.5066208,93.44457477
50,20,5,,,,25,,,,,,950,120,WQ,25,40,500,60,WQ,300,140.131,,,,,,51.886,0,1.836436,93.72556408,5.16363,276-2014,TiNiPdCu,,298.643,0.115226,1.951662,94.09600638
50,20,5,,,,25,,,,,,950,120,WQ,25,40,500,60,WQ,400,157.346,,,,,,56.604,0,2.265017,94.18604805,8.53332,276-2014,TiNiPdCu,,404.525,0.131687,2.396704,94.50549588
50,20,5,,,,25,,,,,,950,120,WQ,25,40,500,60,WQ,500,172.421,,,,,,58.947,0,2.491879,93.39418166,11.63635,276-2014,TiNiPdCu,,502.262,0.164609,2.656488,93.8035105
50,20,5,,,,25,,,,,,950,120,WQ,25,40,500,60,WQ,600,185.384,,,,,,63.664,0,2.845347,82.64440154,14.10912,276-2014,TiNiPdCu,,602.715,0.493827,3.339174,85.21110311
50,15,5,,,,30,,,,,,950,120,WQ,25,40,500,60,WQ,100,177.842,,,,,,42.47,0,0.2511038,86.88916695,0.218182,276-2014,TiNiPdCu,,103.167,0.0329218,0.2840256,88.40886174
50,15,5,,,,30,,,,,,950,120,WQ,25,40,500,60,WQ,200,190.805,,,,,,58.97,0,0.7766557,93.64162266,1.454546,276-2014,TiNiPdCu,,198.19,0.0493827,0.8260384,94.02174281
50,15,5,,,,30,,,,,,950,120,WQ,25,40,500,60,WQ,300,197.404,,,,,,58.96,0,1.1567536,94.30789755,3.27273,276-2014,TiNiPdCu,,304.072,0.0658436,1.2225972,94.61444865
50,15,5,,,,30,,,,,,950,120,WQ,25,40,500,60,WQ,400,214.609,,,,,,56.62,0,1.5446336,95.7372674,5.91516,276-2014,TiNiPdCu,,401.81,0.0658436,1.6104772,95.91154721
50,15,5,,,,30,,,,,,950,120,WQ,25,40,500,60,WQ,500,227.582,,,,,,63.67,0,1.904075,85.30336253,8.1212,276-2014,TiNiPdCu,,502.262,0.279835,2.18391,87.1865141
50,15,5,,,,30,,,,,,950,120,WQ,25,40,500,60,WQ,600,251.151,,,,,,68.4,0,2.01062,81.98864032,9.89088,276-2014,TiNiPdCu,,602.715,0.36214,2.37276,84.73760515
50,10,5,,,,35,,,,,,950,120,WQ,25,40,500,60,WQ,100,254.215,,,,,,23.584,0,0.3654324,72.97300404,0.266667,276-2014,TiNiPdCu,,97.7376,0.0987654,0.4641978,78.72342351
50,10,5,,,,35,,,,,,950,120,WQ,25,40,500,60,WQ,200,260.805,,,,,,35.408,0,0.5749346,88.54763655,1.018182,276-2014,TiNiPdCu,,203.62,0.0658436,0.6407782,89.72443195
50,10,5,,,,35,,,,,,950,120,WQ,25,40,500,60,WQ,300,271.656,,,,,,37.751,0,0.8173586,91.94434365,2.254545,276-2014,TiNiPdCu,,295.928,0.0658436,0.8832022,92.54490082
50,10,5,,,,35,,,,,,950,120,WQ,25,40,500,60,WQ,400,282.488,,,,,,40.11,0,1.052899,87.49291243,3.684848,276-2014,TiNiPdCu,,396.38,0.131687,1.184586,88.88328918
50,10,5,,,,35,,,,,,950,120,WQ,25,40,500,60,WQ,500,293.339,,,,,,51.872,0,1.246837,89.43831471,5.57575,276-2014,TiNiPdCu,,499.548,0.131687,1.378524,90.44724648
50,10,5,,,,35,,,,,,950,120,WQ,25,40,500,60,WQ,600,308.433,,,,,,47.185,0,1.483274,83.3534465,7.41816,276-2014,TiNiPdCu,,602.715,0.246914,1.730188,85.72906528
50,15,5,,,,30,,,,,,950,120,WQ,25,40,500,30,WQ,100,198.845,,,,,,46.116,0,1.2380246,92.3131899,1.14286,276-2014,TiNiPdCu,,100,0.0951646,1.3331892,92.86188337
50,15,5,,,,30,,,,,,950,120,WQ,25,40,500,30,WQ,200,210.981,,,,,,46.117,0,2.253297,93.72044608,4.2236,276-2014,TiNiPdCu,,197.297,0.141497,2.394794,94.09147509
50,15,5,,,,30,,,,,,950,120,WQ,25,40,500,30,WQ,300,223.117,,,,,,48.543,0,2.780055,93.83627302,7.8261,276-2014,TiNiPdCu,,300,0.171355,2.95141,94.19413094
50,15,5,,,,30,,,,,,950,120,WQ,25,40,500,30,WQ,400,237.68,,,,,,53.398,0,3.116004,92.48993262,11.52796,276-2014,TiNiPdCu,,397.297,0.234014,3.350018,93.014545
50,15,5,,,,30,,,,,,950,120,WQ,25,40,500,30,WQ,500,254.67,,,,,,55.825,0,2.351004,88.22788633,10.34,276-2014,TiNiPdCu,,500,0.394484,3.745488,89.46775427
50,15,5,,,,30,,,,,,950,120,WQ,25,40,500,30,WQ,600,274.087,,,,,,65.534,0,2.452561,82.03475623,11.76,276-2014,TiNiPdCu,,602.703,0.620261,4.072822,84.77073145
50,15,5,,,,30,,,,,,950,120,WQ,25,40,500,10,WQ,100,218.1,,,,,,41.26,0,0.7001031,88.71807595,0.621118,276-2014,TiNiPdCu,,94.5946,0.0789851,0.7790882,89.8618539
50,15,5,,,,30,,,,,,950,120,WQ,25,40,500,10,WQ,200,225.107,,,,,,46.12,0,1.474667,89.29270134,2.63354,276-2014,TiNiPdCu,,194.595,0.157897,1.632564,90.32828116
50,15,5,,,,30,,,,,,950,120,WQ,25,40,500,10,WQ,300,239.298,,,,,,48.55,0,2.050321,88.45736838,5.44098,276-2014,TiNiPdCu,,300,0.236661,2.286982,89.65182061
50,15,5,,,,30,,,,,,950,120,WQ,25,40,500,10,WQ,400,253.472,,,,,,50.97,0,2.550966,85.70635595,8.74536,276-2014,TiNiPdCu,,397.297,0.364626,2.915592,87.49392919
50,15,5,,,,30,,,,,,950,120,WQ,25,40,500,10,WQ,500,265.22,,,,,,58.25,0,2.876823,81.17982928,11.677,276-2014,TiNiPdCu,,500,0.541423,3.418246,84.16079475
50,15,5,,,,30,,,,,,950,120,WQ,25,40,500,10,WQ,600,279.346,,,,,,60.27,0,3.053057,74.86627338,13.71426,276-2014,TiNiPdCu,,597.297,0.767347,3.820404,79.91450642
27.2,50.5,,22.3,,,,,,,900,88,,,,,,,,,100,82.1314,,,,,126.763,44.6316,0,1.74052,100,1.74052,277-2022,TiNiHf,,,,,
27.2,50.5,,22.3,,,,,,,900,88,,,,,,,,,200,95.5312,,,,,135.344,39.8128,0,2.76912,100,5.53824,277-2022,TiNiHf,,,,,
27.2,50.5,,22.3,,,,,,,900,88,,,,,,,,,300,112.5946,,,,,151.562,38.9674,0,3.40895,100,10.22685,277-2022,TiNiHf,,,,,
27.2,50.5,,22.3,,,,,,,900,88,,,,,,,,,400,131.567,,,,,176.875,45.308,0,3.86133,100,15.44532,277-2022,TiNiHf,,,,,
27.2,50.5,,22.3,,,,,,,900,88,400,3060,AC,,,,,,100,94.0999,,,,,120.217,26.1171,0,1.27212,100,1.27212,277-2022,TiNiHf,,,,,
27.2,50.5,,22.3,,,,,,,900,88,400,3060,AC,,,,,,200,106.7509,,,,,127.711,20.9601,0,2.01961,100,4.03922,277-2022,TiNiHf,,,,,
27.2,50.5,,22.3,,,,,,,900,88,400,3060,AC,,,,,,300,120.5633,,,,,138.48,17.9167,0,2.50488,100,7.51464,277-2022,TiNiHf,,,,,
27.2,50.5,,22.3,,,,,,,900,88,450,600,AC,,,,,,100,115.752,,,,,138.403,22.651,0,1.48283,100,1.48283,277-2022,TiNiHf,,,,,
27.2,50.5,,22.3,,,,,,,900,88,450,600,AC,,,,,,200,129.834,,,,,149.526,19.692,0,2.23981,100,4.47962,277-2022,TiNiHf,,,,,
27.2,50.5,,22.3,,,,,,,900,88,450,600,AC,,,,,,300,143.3402,,,,,159.566,16.2258,0,2.65008,100,7.95024,277-2022,TiNiHf,,,,,
27.2,50.5,,22.3,,,,,,,900,88,450,600,AC,,,,,,400,157.8724,,,,,174.69,16.8176,0,3.05105,100,12.2042,277-2022,TiNiHf,,,,,
27.2,50.5,,22.3,,,,,,,900,88,450,600,AC,,,,,,500,175.2398,,,,,195.27,20.0302,0,3.33954,100,16.6977,277-2022,TiNiHf,,,,,
27.2,50.5,,22.3,,,,,,,900,88,500,180,AC,,,,,,100,143.596,,,,,164.218,20.622,0,1.29558,100,1.29558,277-2022,TiNiHf,,,,,
27.2,50.5,,22.3,,,,,,,900,88,500,180,AC,,,,,,200,157.3676,,,,,175.707,18.3394,0,2.06178,100,4.12356,277-2022,TiNiHf,,,,,
27.2,50.5,,22.3,,,,,,,900,88,500,180,AC,,,,,,300,171.527,,,,,189.021,17.494,0,2.50955,100,7.52865,277-2022,TiNiHf,,,,,
27.2,50.5,,22.3,,,,,,,900,88,500,180,AC,,,,,,400,186.6618,,,,,205.593,18.9312,0,2.84494,100,11.37976,277-2022,TiNiHf,,,,,
27.2,50.5,,22.3,,,,,,,900,88,550,60,AC,,,,,,100,152.9125,,,,,177.677,24.7645,0,1.42668,100,1.42668,277-2022,TiNiHf,,,,,
27.2,50.5,,22.3,,,,,,,900,88,550,60,AC,,,,,,200,166.3194,,,,,185.166,18.8466,0,2.18352,100,4.36704,277-2022,TiNiHf,,,,,
27.2,50.5,,22.3,,,,,,,900,88,550,60,AC,,,,,,300,178.0382,,,,,196.293,18.2548,0,2.65014,100,7.95042,277-2022,TiNiHf,,,,,
27.2,50.5,,22.3,,,,,,,900,88,550,60,AC,,,,,,400,191.669,,,,,214.32,22.651,0,3.01362,100,12.05448,277-2022,TiNiHf,,,,,
27.2,50.5,,22.3,,,,,,,900,88,550,180,AC,,,,,,100,184.1574,,,,,213.318,29.1606,0,1.54851,100,1.54851,277-2022,TiNiHf,,,,,
27.2,50.5,,22.3,,,,,,,900,88,550,180,AC,,,,,,200,195.0529,,,,,221.17,26.1171,0,2.20234,100,4.40468,277-2022,TiNiHf,,,,,
27.2,50.5,,22.3,,,,,,,900,88,550,180,AC,,,,,,300,208.6622,,,,,234.103,25.4408,0,2.65941,100,7.97823,277-2022,TiNiHf,,,,,
27.2,50.5,,22.3,,,,,,,900,88,550,180,AC,,,,,,400,223.8396,,,,,254.691,30.8514,0,2.96674,100,11.86696,277-2022,TiNiHf,,,,,
27.2,50.5,,22.3,,,,,,,900,88,550,600,AC,,,,,,100,185.2062,,,,,218.763,33.5568,0,1.48287,100,1.48287,277-2022,TiNiHf,,,,,
27.2,50.5,,22.3,,,,,,,900,88,550,600,AC,,,,,,200,196.8628,,,,,224.079,27.2162,0,2.19307,100,4.38614,277-2022,TiNiHf,,,,,
27.2,50.5,,22.3,,,,,,,900,88,550,600,AC,,,,,,300,211.25,,,,,235.93,24.68,0,2.66883,100,8.00649,277-2022,TiNiHf,,,,,
29.7,47.3,,20,,,3,,,,,,,,,,,,,,200,225.621,,,,,,,1,0.809115,100,1.61823,278-2019,TiNiHfPd,,,,,
29.7,47.3,,20,,,3,,,,,,,,,,,,,,300,228.782,,,,,,,1,1.39619,100,4.18857,278-2019,TiNiHfPd,,,,,
29.7,47.3,,20,,,3,,,,,,,,,,,,,,400,235.805,,,,,,,1,1.54197,100,6.16788,278-2019,TiNiHfPd,,,,,
29.7,47.3,,20,,,3,,,,,,,,,,,,,,500,242.055,,,,,,,1,1.87031,100,9.35155,278-2019,TiNiHfPd,,,,,
29.7,47.3,,20,,,3,,,,,,,,,,,,,,600,244.246,,,,,,,1,1.95747,100,11.74482,278-2019,TiNiHfPd,,,,,
29.7,47.3,,20,,,3,,,,,,,,,,,,,,700,249.504,,,,,,,1,1.89149,100,13.24043,278-2019,TiNiHfPd,,,,,
29.25,45,,15.75,,,,,10,,1000,88,,,,25,30,550,60,WQ,200,49.6805,,,,,,,0,0.69,90,1.242,ours,TiNiHfNb,,,,,
29.25,45,,15.75,,,,,10,,1000,88,,,,25,30,550,60,WQ,400,72.6837,,,,,,,0,2.29,93,8.5188,ours,TiNiHfNb,,,,,
29.25,45,,15.75,,,,,10,,1000,88,,,,25,30,550,60,WQ,600,111.981,,,,,,,0,3.52,100,21.12,ours,TiNiHfNb,,,,,
29.25,45,,15.75,,,,,10,,1000,88,,,,25,30,600,60,WQ,200,53,,,,,,,0,0.9,100,1.8,ours,TiNiHfNb,,,,,
29.25,45,,15.75,,,,,10,,1000,88,,,,25,30,600,60,WQ,400,102,,,,,,,0,3.1,91,11.284,ours,TiNiHfNb,,,,,
29.25,45,,15.75,,,,,10,,1000,88,,,,25,30,600,60,WQ,600,147,,,,,,,0,4.35,64,16.704,ours,TiNiHfNb,,,,,
29.25,45,,15.75,,,,,10,,1000,88,,,,25,30,650,60,WQ,200,75.4717,,,,,,,0,1.53,93,2.8458,ours,TiNiHfNb,,,,,
29.25,45,,15.75,,,,,10,,1000,88,,,,25,30,650,60,WQ,400,107.39,,,,,,,0,4.01,78,12.5112,ours,TiNiHfNb,,,,,
29.25,45,,15.75,,,,,10,,1000,88,,,,25,30,650,60,WQ,600,151.415,,,,,,,0,5.08,67,20.4216,ours,TiNiHfNb,,,,,
50,15,10,,,,25,,,,,,950,120,WQ,25,25,900,60,WQ,100,195.24,,,,,,44.514,0,4.190277684,96.6745,4.05093,279-2014,TiNiPdCu,,,,,
50,15,10,,,,25,,,,,,950,120,WQ,25,25,900,60,WQ,200,210.205,,,,,,39.816,0,5.318845318,93.9029,9.9891,279-2014,TiNiPdCu,,,,,
50,15,10,,,,25,,,,,,950,120,WQ,25,25,900,60,WQ,300,211.834,,,,,,50.323,0,5.709463306,90.747,15.5435,279-2014,TiNiPdCu,,,,,
50,15,10,,,,25,,,,,,950,120,WQ,25,25,900,60,WQ,400,223.468,,,,,,52.81,0,6.58210553,80.6182,21.2255,279-2014,TiNiPdCu,,,,,
50,15,10,,,,25,,,,,,950,120,WQ,25,25,900,60,WQ,500,236.486,,,,,,52.257,0,6.84688179,75.7983,25.9491,279-2014,TiNiPdCu,,,,,
50,15,10,,,,25,,,,,,950,120,WQ,25,25,500,180,WQ,100,169.351,,,,,,48.663,0,0.406022824,99.7439,0.404983,279-2014,TiNiPdCu,,,,,
50,15,10,,,,25,,,,,,950,120,WQ,25,25,500,180,WQ,200,176.427,,,,,,51.429,0,0.763083663,97.1001,1.48191,279-2014,TiNiPdCu,,,,,
50,15,10,,,,25,,,,,,950,120,WQ,25,25,500,180,WQ,300,187.964,,,,,,53.088,0,1.255286571,94.264,3.54985,279-2014,TiNiPdCu,,,,,
50,15,10,,,,25,,,,,,950,120,WQ,25,25,500,180,WQ,400,201.681,,,,,,45.622,0,2.056613617,91.6193,7.53702,279-2014,TiNiPdCu,,,,,
50,15,10,,,,25,,,,,,950,120,WQ,25,25,500,180,WQ,500,222.544,,,,,,45.621,0,2.083222487,90.0646,9.38123,279-2014,TiNiPdCu,,,,,
50,15,10,,,,25,,,,,,950,120,WQ,25,25,550,180,WQ,100,174.462,,,,,,37.604,0,0.309680462,99.8723,0.309285,279-2014,TiNiPdCu,,,,,
50,15,10,,,,25,,,,,,950,120,WQ,25,25,550,180,WQ,200,178.968,,,,,,35.669,0,0.601009282,99.3379,1.19406,279-2014,TiNiPdCu,,,,,
50,15,10,,,,25,,,,,,950,120,WQ,25,25,550,180,WQ,300,184.303,,,,,,35.668,0,0.735722292,99.9571,2.20622,279-2014,TiNiPdCu,,,,,
50,15,10,,,,25,,,,,,950,120,WQ,25,25,550,180,WQ,400,189.618,,,,,,38.433,0,0.982139253,96.6085,3.79532,279-2014,TiNiPdCu,,,,,
50,15,10,,,,25,,,,,,950,120,WQ,25,25,550,180,WQ,500,195.826,,,,,,39.815,0,1.228206824,93.9021,5.76656,279-2014,TiNiPdCu,,,,,
30,50,,10,,10,,,,,,,950,120,WQ,,,,,,100,220,,,,,,57,0,1.45,100,1.45,284-2023,TiNiHfZr,,,,,
30,50,,10,,10,,,,,,,950,120,WQ,,,,,,200,224,,,,,,83,0,4.8,98,9.4,284-2023,TiNiHfZr,,,,,
25.5,42.5,,8.5,,8.5,,,15,,,,950,120,WQ,,60,900,60,WQ,100,160.986,,,,,,80,0,1.05,100,1.05,284-2023,TiNiHfZrNb,,,,,
25.5,42.5,,8.5,,8.5,,,15,,,,950,120,WQ,,60,900,60,WQ,200,170.282,,,,,,100,0,2.3,100,4.6,284-2023,TiNiHfZrNb,,,,,
27,45,,9,,9,,10,,,,,950,120,WQ,,60,900,60,WQ,100,290.568,,,,,,81,0,1.04,100,1.04,284-2023,TiNiHfZrTa,,,,,
27,45,,9,,9,,10,,,,,950,120,WQ,,60,900,60,WQ,200,301.566,,,,,,94,0,2.5,97,4.85,284-2023,TiNiHfZrTa,,,,,
25.5,42.5,,8.5,,8.5,,15,,,,,950,120,WQ,,60,900,60,WQ,100,282.113,,,,,,77,0,0.74,100,0.74,284-2023,TiNiHfZrTa,,,,,
25.5,42.5,,8.5,,8.5,,15,,,,,950,120,WQ,,60,900,60,WQ,200,293.145,,,,,,98,0,1.6,100,3.2,284-2023,TiNiHfZrTa,,,,,
50,40,10,,,,,,,,1000,88,,,,25,40,400,30,WQ,50,22.2337,,,,,,,2,0.8,100,0.4,158-2023,TiNiCu,,,,,
50,40,10,,,,,,,,1000,88,,,,25,40,400,30,WQ,100,18.4584,,,,,,,2,1.9,100,1.9,158-2023,TiNiCu,,,,,
50,40,10,,,,,,,,1000,88,,,,25,40,400,30,WQ,200,24.6449,,,,,,,2,4.1,100,8.2,158-2023,TiNiCu,,,,,
50,40,10,,,,,,,,1000,88,,,,25,40,400,30,WQ,300,30.2013,,,,,,,2,5.4,100,16.2,158-2023,TiNiCu,,,,,
50,40,10,,,,,,,,1000,88,,,,25,40,400,30,WQ,400,37.6234,,,,,,,2,6.9,100,27.6,158-2023,TiNiCu,,,,,
50,40,10,,,,,,,,1000,88,,,,25,40,400,30,WQ,500,43.7783,,,,,,,2,8.3,100,41.5,158-2023,TiNiCu,,,,,
38.7,49.3,,3,,9,,,,,,,1000,120,WQ,,,,,,200,152.95,,,,,,,0,2.9,92,5.336,ours,TiNiHfZr,,,,,
38.7,49.3,,3,,9,,,,,,,1000,120,WQ,,,,,,400,171.88,,,,,,,0,5.45,59,12.862,ours,TiNiHfZr,,,,,
38,45,4,1,,12,,,,,,,1000,120,WQ,,,,,,200,100.36,,,,,,,0,1.83,93,3.4038,ours,TiNiHfZrCu,,,,,
38,45,4,1,,12,,,,,,,1000,120,WQ,,,,,,400,115,,,,,,,0,0,0,-10,ours,TiNiHfZrCu,,,,,
24.75,45,,20.25,,,,,10,,1000,85,,,,25,30,600,60,WQ,400,152.3,,,,,,,0,0.38,95,1.444,ours,TiNiHfNb,,,,,
24.75,45,,20.25,,,,,10,,1000,85,,,,25,30,600,60,WQ,600,179.38,,,,,,,0,1.06,87,5.5332,ours,TiNiHfNb,,,,,
24.75,45,,20.25,,,,,10,,1000,85,,,,25,30,600,60,WQ,800,197.1,,,,,,,0,0,0,-10,ours,TiNiHfNb,,,,,
29.25,45,,15.75,,,,,10,,1000,85,,,,25,50,600,60,WQ,200,26.56,,,,,,,0,0.78,99,1.5444,ours,TiNiHfNb,,,,,
29.25,45,,15.75,,,,,10,,1000,85,,,,25,50,600,60,WQ,400,52.13,,,,,,,0,2.35,95,8.93,ours,TiNiHfNb,,,,,
29.7,50.3,,20,,,,,,,900,88,900,60,WQ,,,,,,50,93.3628,,,,,,23.4349,0,0.348534,100,0.174267,299-2023,TiNiHf,,,,,
29.7,50.3,,20,,,,,,,900,88,900,60,WQ,,,,,,100,83.1858,,,,,,31.6135,0,1.10728,100,1.10728,299-2023,TiNiHf,,,,,
29.7,50.3,,20,,,,,,,900,88,900,60,WQ,,,,,,150,78.3186,,,,,,33.3828,0,1.92969,100,2.894535,299-2023,TiNiHf,,,,,
29.7,50.3,,20,,,,,,,900,88,900,60,WQ,,,,,,200,76.5487,,,,,,37.3625,0,2.76624,100,5.53248,299-2023,TiNiHf,,,,,
29.7,50.3,,20,,,,,,,900,88,900,60,WQ,,,,,,300,74.5575,,,,,,51.2896,0,3.7816,100,11.3448,299-2023,TiNiHf,,,,,
29.7,50.3,,20,,,,,,,900,88,900,60,WQ,,,550,600,AC,50,185.056,,,,,,28.298,0,0.581947,100,0.2909735,299-2023,TiNiHf,,,,,
29.7,50.3,,20,,,,,,,900,88,900,60,WQ,,,550,600,AC,100,169.316,,,,,,29.402,0,1.51042,100,1.51042,299-2023,TiNiHf,,,,,
29.7,50.3,,20,,,,,,,900,88,900,60,WQ,,,550,600,AC,150,162.401,,,,,,26.529,0,2.1772,100,3.2658,299-2023,TiNiHf,,,,,
29.7,50.3,,20,,,,,,,900,88,900,60,WQ,,,550,600,AC,200,155.246,,,,,,27.635,0,2.63893,100,5.27786,299-2023,TiNiHf,,,,,
29.7,50.3,,20,,,,,,,900,88,900,60,WQ,,,550,600,AC,300,150.477,,,,,,27.413,0,3.27945,100,9.83835,299-2023,TiNiHf,,,,,
29.7,50.3,,20,,,,,,,900,88,900,60,WQ,,,600,600,AC,50,201.703,,,,,,42.447,0,0.893077,100,0.4465385,299-2023,TiNiHf,,,,,
29.7,50.3,,20,,,,,,,900,88,900,60,WQ,,,600,600,AC,100,189.3,,,,,,42.005,0,2.13273,100,2.13273,299-2023,TiNiHf,,,,,
29.7,50.3,,20,,,,,,,900,88,900,60,WQ,,,600,600,AC,150,179.109,,,,,,43.55,0,3.08246,100,4.62369,299-2023,TiNiHf,,,,,
29.7,50.3,,20,,,,,,,900,88,900,60,WQ,,,600,600,AC,200,172.464,,,,,,42.005,0,3.70681,100,7.41362,299-2023,TiNiHf,,,,,
29.7,50.3,,20,,,,,,,900,88,900,60,WQ,,,600,600,AC,300,167.157,,,,,,47.754,0,4.53829,100,13.61487,299-2023,TiNiHf,,,,,
29.7,50.3,,20,,,,,,,900,88,900,60,WQ,,,650,600,AC,50,202.69,,,,,,37.361,0,0.631376,100,0.315688,299-2023,TiNiHf,,,,,
29.7,50.3,,20,,,,,,,900,88,900,60,WQ,,,650,600,AC,100,186.076,,,,,,36.921,0,1.72963,100,1.72963,299-2023,TiNiHf,,,,,
29.7,50.3,,20,,,,,,,900,88,900,60,WQ,,,650,600,AC,150,177.294,,,,,,38.91,0,2.58738,100,3.88107,299-2023,TiNiHf,,,,,
29.7,50.3,,20,,,,,,,900,88,900,60,WQ,,,650,600,AC,200,169.462,,,,,,39.792,0,3.17643,100,6.35286,299-2023,TiNiHf,,,,,
29.7,50.3,,20,,,,,,,900,88,900,60,WQ,,,650,600,AC,300,164.953,,,,,,43.552,0,3.91595,100,11.74785,299-2023,TiNiHf,,,,,
29.7,50.3,,20,,,,,,,900,88,,,,,,,,,100,74.7459,,,,,,32.3076,0,1.9104223,98.56459485,1.883,301-2023,TiNiHf,,,,,
29.7,50.3,,20,,,,,,,900,88,,,,,,,,,200,91.2636,,,,,,36.264,0,3.0164554,97.87878846,5.90494,301-2023,TiNiHf,,,,,
29.7,50.3,,20,,,,,,,900,88,,,,,,,,,300,107.454,,,,,,40.8788,0,3.7934161,98.07228899,11.16087,301-2023,TiNiHf,,,,,
29.7,50.3,,20,,,,,,,900,88,,,,,,,,,400,127.569,,,,,,52.088,0,4.3875677,97.91666576,17.18464,301-2023,TiNiHf,,,,,
29.7,50.3,,20,,,,,,,900,88,,,,,,,,,500,146.866,,,,,,62.637,0,4.926876,96.10390032,23.6746,301-2023,TiNiHf,,,,,
29.7,50.3,,20,,,,,,,900,88,,,,,,,,,600,166.818,,,,,,85.055,0,5.447898,87.41610067,28.57404,301-2023,TiNiHf,,,,,
29.7,50.3,,20,,,,,,,900,88,500,180,WQ,,,,,,100,124.598,,,,,,21.099,0,1.42596,100,1.42596,301-2023,TiNiHf,,,,,
29.7,50.3,,20,,,,,,,900,88,500,180,WQ,,,,,,200,136.377,,,,,,21.099,0,2.24863077,99.59349618,4.47898,301-2023,TiNiHf,,,,,
29.7,50.3,,20,,,,,,,900,88,500,180,WQ,,,,,,300,149.46,,,,,,21.758,0,2.76965,100,8.30895,301-2023,TiNiHf,,,,,
29.7,50.3,,20,,,,,,,900,88,500,180,WQ,,,,,,400,161.401,,,,,,23.077,0,3.13528,100,12.54112,301-2023,TiNiHf,,,,,
29.7,50.3,,20,,,,,,,900,88,500,180,WQ,,,,,,500,173.672,,,,,,25.714,0,3.4643515,99.47229662,17.23035,301-2023,TiNiHf,,,,,
29.7,50.3,,20,,,,,,,900,88,500,180,WQ,,,,,,600,197.381,,,,,,25.055,0,3.71115077,99.75369446,22.21206,301-2023,TiNiHf,,,,,
29.7,50.3,,20,,,,,,,900,88,500,180,WQ,,,,,,700,214.883,,,,,,29.011,0,3.8939677,97.65258197,26.61792,301-2023,TiNiHf,,,,,
29.7,50.3,,20,,,,,,,900,88,550,180,WQ,,,,,,100,157.289,,,,,,21.76,0,1.57221,100,1.57221,301-2023,TiNiHf,,,,,
29.7,50.3,,20,,,,,,,900,88,550,180,WQ,,,,,,200,163.016,,,,,,25.72,0,2.5228515,99.27536361,5.00914,301-2023,TiNiHf,,,,,
29.7,50.3,,20,,,,,,,900,88,550,180,WQ,,,,,,300,175.775,42.005,,,,,23.74,0,3.02559,100,9.07677,301-2023,TiNiHf,,,,,
29.7,50.3,,20,,,,,,,900,88,550,180,WQ,,,,,,400,192.622,39.792,,,,,26.37,0,3.44607,100,13.78428,301-2023,TiNiHf,,,,,
29.7,50.3,,20,,,,,,,900,88,550,180,WQ,,,,,,500,200.312,21.099,,,,,25.05,0,3.70201077,99.75308635,18.46435,301-2023,TiNiHf,,,,,
50.3,49.7,,,,,,,,,400,89,,,,,,,,,50,47.743,25.72,,,,,74.072,0,1.125,100,0.5625,302-2013,TiNi,,,,,
50.3,49.7,,,,,,,,,400,89,,,,,,,,,100,57.031,,,,,,48.149,0,2.26875,100,2.26875,302-2013,TiNi,,,,,
50.3,49.7,,,,,,,,,400,89,,,,,,,,,150,66.3189,,,,,,48.147,0,3.375,100,5.0625,302-2013,TiNi,,,,,
50.3,49.7,,,,,,,,,400,89,,,,,,,,,200,71.8916,,,,,,45.372,0,4.425,100,8.85,302-2013,TiNi,,,,,
50.3,49.7,,,,,,,,,400,89,,,,,,,,,250,79.322,,,,,,46.298,0,5.175,97.82608696,12.65625,302-2013,TiNi,,,,,
50.3,49.7,,,,,,,,,400,89,,,,,,,,,300,85.8235,,,,,,50.002,0,5.85,92.62820513,16.25625,302-2013,TiNi,,,,,
50.3,49.7,,,,,,,,,400,89,,,,,,,,,350,89.5387,,,,,,55.556,0,6.58125,84.9002849,19.55625,302-2013,TiNi,,,,,
50.3,49.7,,,,,,,,,400,89,,,,,,,,,400,95.1115,,,,,,65.74,0,7.44375,78.33753149,23.325,302-2013,TiNi,,,,,
50.3,49.7,,,,,,,,,400,89,,,,,,,,,450,99.7554,,,,,,72.222,0,8.15625,70.8045977,25.9875,302-2013,TiNi,,,,,
30,50,,20,,,,,,,,,1000,120,WQ,,,,,,200,214.7,,,,,,87,0,2.7,83,4.482,ours,TiNiHf,,,,,
30,50,,20,,,,,,,,,1000,120,WQ,,,,,,400,275.3,42.005,,,,,,0,3.8,71,10.792,ours,TiNiHf,,,,,
30,50,,20,,,,,,,,,1000,120,WQ,,,,,,600,288.52,39.792,,,,,,0,2.8,10,1.68,ours,TiNiHf,,,,,
30,50,,20,,,,,,,,,1000,120,WQ,,,,,,800,300.1,21.099,,,,,,0,0,0,-10,ours,TiNiHf,,,,,
30.2,48.8,1,20,,,,,,,,,1000,120,WQ,,,,,,200,268.81,,,,,,60,0,4.28,84,7.1904,ours,TiNiHfCu,,,,,
30.2,48.8,1,20,,,,,,,,,1000,120,WQ,,,,,,400,293.7,,,,,,,0,6.06,53,12.8472,ours,TiNiHfCu,,,,,
30.2,48.8,1,20,,,,,,,,,1000,120,WQ,,,,,,600,312.1,,,,,,,0,0,0,-10,ours,TiNiHfCu,,,,,
30.1,49.9,,20,,,,,,,,,1000,120,WQ,,,,,,200,249.7,,,,,,68,0,5.28,84,8.8704,ours,TiNiHf,,,,,
30.1,49.9,,20,,,,,,,,,1000,120,WQ,,,,,,400,276,,,,,,,0,6.38,40,10.208,ours,TiNiHf,,,,,
30.1,49.9,,20,,,,,,,,,1000,120,WQ,,,,,,600,293,,,,,,,0,0,0,-10,ours,TiNiHf,,,,,
30,50,,19,,1,,,,,,,1000,120,WQ,,,,,,200,199.4,,,,,,53,0,2.49,98,4.8804,ours,TiNiHfZr,,,,,
30,50,,19,,1,,,,,,,1000,120,WQ,,,,,,400,231.8,,,,,,,0,3.19,90,11.484,ours,TiNiHfZr,,,,,
30,50,,19,,1,,,,,,,1000,120,WQ,,,,,,600,260.1,,,,,,,0,0,0,-10,ours,TiNiHfZr,,,,,
30.4,48.6,1,19,,1,,,,,,,1000,120,WQ,,,,,,200,281.7,,,,,,107,0,2.77,81,4.4874,ours,TiNiHfZrCu,,,,,
30.4,48.6,1,19,,1,,,,,,,1000,120,WQ,,,,,,400,304.4,,,,,,,0,6.29,45,11.322,ours,TiNiHfZrCu,,,,,
30.4,48.6,1,19,,1,,,,,,,1000,120,WQ,,,,,,600,322.5,,,,,,,0,0,0,-10,ours,TiNiHfZrCu,,,,,
30.3,48.7,1,19,,1,,,,,,,1000,120,WQ,,,,,,200,250.1,,,,,,64,0,2.9,85,4.93,ours,TiNiHfZrCu,,,,,
30.3,48.7,1,19,,1,,,,,,,1000,120,WQ,,,,,,400,293.1,,,,,,,0,5.31,58,12.3192,ours,TiNiHfZrCu,,,,,
30.3,48.7,1,19,,1,,,,,,,1000,120,WQ,,,,,,600,310.2,,,,,,,0,0,0,-10,ours,TiNiHfZrCu,,,,,
30,50,,20,,,,,,,,,900,360,WQ,,,,,,100,198.72,,,,,,,1,0.67689,96.49152743,0.6531415,2023-157,TiNiHf,,,,,
30,50,,20,,,,,,,,,900,360,WQ,,,,,,200,208.579,,,,,,,1,1.37741,94.85255661,2.6130172,2023-157,TiNiHf,,,,,
30,50,,20,,,,,,,,,900,360,WQ,,,,,,300,220.171,,,,,,,1,1.86179,94.99629926,5.3058948,2023-157,TiNiHf,,,,,
30,50,,20,,,,,,,,,900,360,WQ,,,,,,400,223.633,,,,,,,1,2.1602,93.04263494,8.039628,2023-157,TiNiHf,,,,,
30,50,,20,,,,,,,,,900,360,WQ,,,,,,500,232.391,,,,,,,1,2.43371,90.85186814,11.055355,2023-157,TiNiHf,,,,,
30,50,,20,,,,,,,,,900,360,WQ,,,,,,600,239.722,,,,,,,1,2.69689,86.63631071,14.018916,2023-157,TiNiHf,,,,,
30,50,,20,,,,,,,,,900,360,WQ,,,450,3000,WQ,100,233.922,,,,,,,1,0.611564,100.2063562,0.612826,2023-157,TiNiHf,,,,,
30,50,,20,,,,,,,,,900,360,WQ,,,450,3000,WQ,200,239.349,,,,,,,1,1.20177,102.4630004,2.4627392,2023-157,TiNiHf,,,,,
30,50,,20,,,,,,,,,900,360,WQ,,,450,3000,WQ,300,249.355,,,,,,,1,1.58553,101.4138931,4.8238431,2023-157,TiNiHf,,,,,
30,50,,20,,,,,,,,,900,360,WQ,,,450,3000,WQ,400,255.705,,,,,,,1,1.82359,100.5951557,7.3377728,2023-157,TiNiHf,,,,,
30,50,,20,,,,,,,,,900,360,WQ,,,450,3000,WQ,500,262.918,,,,,,,1,1.97124,99.39820621,9.796886,2023-157,TiNiHf,,,,,
30,50,,20,,,,,,,,,900,360,WQ,,,450,3000,WQ,600,275.251,,,,,,,1,2.12918,96.76377291,12.3616494,2023-157,TiNiHf,,,,,
30,50,,20,,,,,,,,,900,360,WQ,,,550,600,WQ,100,241.928,,,,,,,1,0.57632,102.8466824,0.592726,2023-157,TiNiHf,,,,,
30,50,,20,,,,,,,,,900,360,WQ,,,550,600,WQ,200,246.624,,,,,,,1,1.18628,100.3829779,2.38164638,2023-157,TiNiHf,,,,,
30,50,,20,,,,,,,,,900,360,WQ,,,550,600,WQ,300,255.958,,,,,,,1,1.4848,98.12239359,4.3707639,2023-157,TiNiHf,,,,,
30,50,,20,,,,,,,,,900,360,WQ,,,550,600,WQ,400,261.608,,,,,,,1,1.74821,96.2921617,6.7335568,2023-157,TiNiHf,,,,,
30,50,,20,,,,,,,,,900,360,WQ,,,550,600,WQ,500,265.919,,,,,,,1,1.92111,92.87313064,8.920975,2023-157,TiNiHf,,,,,
30,50,,20,,,,,,,,,900,360,WQ,,,550,600,WQ,600,268.814,,,,,,,1,2.02844,88.42795449,10.762248,2023-157,TiNiHf,,,,,
25,50,,25,,,,,,,,,900,240,WQ,,,,,,100,415.962,,,,,,30.5847,1,0.5602409,89.51613493,0.501506,2025-350,TiNiHf,,,,,
25,50,,25,,,,,,,,,900,240,WQ,,,,,,200,421.672,,,,,,41.1544,1,1.256025,85.97121873,2.15964,2025-350,TiNiHf,,,,,
25,50,,25,,,,,,,,,900,240,WQ,,,,,,300,428.839,,,,,,53.7481,1,2.028613,83.07350885,5.05572,2025-350,TiNiHf,,,,,
25,50,,25,,,,,,,,,900,240,WQ,,,,,,400,434.596,,,,,,65.2174,1,2.710843,75.1666548,8.1506,2025-350,TiNiHf,,,,,
25,50,,25,,,,,,,,,900,240,WQ,,,,,,500,440.386,,,,,,74.8876,1,3.53765,66.79434088,11.81475,2025-350,TiNiHf,,,,,
25,50,,25,,,,,,,,,900,240,WQ,,,,,,600,439.826,,,,,,83.2084,1,4.31928,57.11299105,14.80122,2025-350,TiNiHf,,,,,
20,50,,30,,,,,,,,,900,240,WQ,,,,,,100,537.975,,,,,,62.7436,1,0.781627,84.39306728,0.659639,2025-350,TiNiHf,,,,,
20,50,,30,,,,,,,,,900,240,WQ,,,,,,200,542.01,,,,,,82.5337,1,1.739462,80.000023,2.78314,2025-350,TiNiHf,,,,,
20,50,,30,,,,,,,,,900,240,WQ,,,,,,300,550.002,,,,,,93.1034,1,2.94126,65.13059029,5.74698,2025-350,TiNiHf,,,,,
20,50,,30,,,,,,,,,900,240,WQ,,,,,,400,546.375,,,,,,97.1514,1,4.13855,53.16596392,8.8012,2025-350,TiNiHf,,,,,
20,50,,30,,,,,,,,,900,240,WQ,,,,,,500,538.131,,,,,,109.295,1,3.39307,49.00134686,8.31325,2025-350,TiNiHf,,,,,
20,50,,30,,,,,,,,,900,240,WQ,,,,,,600,539.199,,,,,,124.588,1,1.612952,47.619024,4.608432,2025-350,TiNiHf,,,,,
15,50,,35,,,,,,,,,900,240,WQ,,,,,,50,699.32,,,,,,97.6012,1,1.079819,52.71966876,0.2846385,2025-350,TiNiHf,,,,,
15,50,,35,,,,,,,,,900,240,WQ,,,,,,100,676.23,,,,,,111.769,1,1.870482,52.41547366,0.980422,2025-350,TiNiHf,,,,,
15,50,,35,,,,,,,,,900,240,WQ,,,,,,150,679.12,,,,,,120.54,1,2.9729,51.51972821,2.297445,2025-350,TiNiHf,,,,,
15,50,,35,,,,,,,,,900,240,WQ,,,,,,200,677.836,,,,,,127.961,1,3.74548,44.99396606,3.37048,2025-350,TiNiHf,,,,,
15,50,,35,,,,,,,,,900,240,WQ,,,,,,250,669.548,,,,,,138.531,1,3.13103,39.82683015,3.117475,2025-350,TiNiHf,,,,,
15,50,,35,,,,,,,,,900,240,WQ,,,,,,300,666.196,,,,,,145,1,0.781626,40.46244623,0.948795,2025-350,TiNiHf,,,,,
50.2,15.5,10,0,0,0,24.3,0,0,0,960,83,,,,10,37,540,42,WQ,430,0,0,0,0,0,0,,0,0,0,0,1,,,,,,
50.2,15.5,10,0,0,0,24.3,0,0,0,960,83,,,,10,37,540,42,WQ,530,0,0,0,0,0,0,,0,0,0,0,1,,,,,,
50.2,15.5,10,0,0,0,24.3,0,0,0,960,83,,,,10,37,540,42,WQ,630,0,0,0,0,0,0,,0,0,0,0,1,,,,,,
50.2,15.5,10,0,0,0,24.3,0,0,0,960,83,,,,10,37,540,42,WQ,700,0,0,0,0,0,0,,0,0,0,0,1,,,,,,
50.2,15.5,10,0,0,0,24.3,0,0,0,960,83,,,,10,37,640,42,WQ,430,148.9,,90.9,124.4,,197.6,,0,0.95,100,4.085,1,,,,,,
50.2,15.5,10,0,0,0,24.3,0,0,0,960,83,,,,10,37,640,42,WQ,530,155,,,,,,,0,0,0,-10,1,,,,,,
50.2,15.5,10,0,0,0,24.3,0,0,0,960,83,,,,10,37,1000,42,WQ,430,230.6,,166.47,186.4,,257.2,,0,3.53,72,10.92,1,,,,,,
23.4,45.2,,21.6,,,,,9.9,,1000,67,,,,,,,,,0,339.8,,,,,,,0,0,0,0,2,,,,,,
23.4,45.2,,21.6,,,,,9.9,,1000,67,,,,12,9,710,6,WQ,0,254.7,,164.3,258.1,,346.3,,0,0,0,0,2,,,,,,
23.4,45.2,,21.6,,,,,9.9,,1000,67,,,,12,9,610,6,WQ,400,288,,161,206,,407,,0,1.35,90,4.86,2,,,,,,
23.4,45.2,,21.6,,,,,9.9,,1000,67,,,,12,9,610,6,WQ,600,300,,192.7,240,,389,,0,1.6,62.5,6,2,,,,,,
23.4,45.2,,21.6,,,,,9.9,,1000,67,,,,12,9,610,6,WQ,800,328,,172,270,,,,0,2.27,30,5.44,2,,,,,,
23.4,45.2,,21.6,,,,,9.9,,1000,67,,,,12,9,510,6,WQ,400,250,,,,,,,0,0,0,0,2,,,,,,
23.4,45.2,,21.6,,,,,9.9,,1000,67,,,,12,9,510,6,WQ,600,260,,,,,,,0,0,0,0,2,,,,,,
23.4,45.2,,21.6,,,,,9.9,,1000,67,,,,12,9,510,6,WQ,800,270,,,,,,,0,0,0,0,2,,,,,,
28.9,48.1,,19.8,,1.5,1.7,,,,,,,,,,,,,,0,60,,44,59,,115.4,,0,0,0,0,2,,,,,,
28.9,48.1,,19.8,,1.5,1.7,,,,,,,,,,,,,,400,115.46,,89.16,94.5,,154.78,,0,1.5,100,6,2,,,,,,
28.9,48.1,,19.8,,1.5,1.7,,,,,,580,150,WQ,,,,,,0,149.1,,77,122,,196,,0,0,0,0,2,,,,,,
29.2,50.2,,20.3,,0.4,,,,,,,,,,,,,,,0,63,,35,95,,148,,0,0,0,0,2,,,,,,
29.2,50.2,,20.3,,0.4,,,,,,,470,162,WQ,,,,,,0,85,,51.6,101,,126,,0,0,0,0,2,,,,,,
29.2,50.2,,20.3,,0.4,,,,,,,,,,,,,,,400,115,,85,112,,160,,0,0.74,100,2.96,2,,,,,,
23.2,48.7,0,23.4,0,0,0,4.7,0,0,,,510,396,WQ,,,,,,0,388.2,,,,,,,0,0,0,0,3,,,,,,
23.2,48.7,0,23.4,0,0,0,4.7,0,0,,,510,396,WQ,,,,,,200,398,,,,,,,2,0,0,0,3,,,,,,
23.2,48.7,0,23.4,0,0,0,4.7,0,0,,,510,396,WQ,,,,,,400,408,,,,,,,2,0,0,0,3,,,,,,
23.2,48.7,0,23.4,0,0,0,4.7,0,0,,,510,396,WQ,,,,,,600,518,,,,,,,2,0,0,0,3,,,,,,
23.2,48.7,0,23.4,0,0,0,4.7,0,0,,,1000,120,WQ,,,,,,0,377,,,,,,,0,0,0,0,3,,,,,,
23.2,48.7,0,23.4,0,0,0,4.7,0,0,,,1000,120,WQ,,,,,,200,400,,,,,,,2,0.6,91,1.1,3,,,,,,
23.2,48.7,0,23.4,0,0,0,4.7,0,0,,,1000,120,WQ,,,,,,400,410,,,,,,,2,1.1,100,4.4,3,,,,,,
23.2,48.7,0,23.4,0,0,0,4.7,0,0,,,1000,120,WQ,,,,,,600,420,,,,,,,2,2.1,95,12,3,,,,,,
24.9,44.1,0,16.8,0,1.3,0,9.6,3.3,0,,,1000,120,WQ,,,,,,0,288.2,,,,,,,0,0,0,0,3,,,,,,
24.9,44.1,0,16.8,0,1.3,0,9.6,3.3,0,,,,,,0,55,780,6,AC,200,215,,,,,,,0,0.7,100,1.4,3,,,,,,
24.9,44.1,0,16.8,0,1.3,0,9.6,3.3,0,,,,,,0,55,780,6,AC,450,240,,,,,,,0,3,55,7.43,3,,,,,,
24.9,44.1,0,16.8,0,1.3,0,9.6,3.3,0,,,,,,0,55,780,6,AC,700,290,,,,,,,0,3.5,0,0,3,,,,,,
24.9,44.1,0,16.8,0,1.3,0,9.6,3.3,0,,,,,,0,55,680,6,AC,200,160,,,,,,,0,0.5,100,1,3,,,,,,
24.9,44.1,0,16.8,0,1.3,0,9.6,3.3,0,,,,,,0,55,680,6,AC,400,183,,,,,,,0,2.3,80,7.36,3,,,,,,
24.9,44.1,0,16.8,0,1.3,0,9.6,3.3,0,,,,,,0,55,680,6,AC,600,200,,,,,,,0,0,0,0,3,,,,,,
24.9,44.1,0,16.8,0,1.3,0,9.6,3.3,0,,,580,60,AC,,,,,,0,266.4,254.9,216.9,304.8,326.1,336.6,,0,0,0,0,3,,,,,,
24.9,44.1,0,16.8,0,1.3,0,9.6,3.3,0,,,580,180,AC,,,,,,0,261.4,248.6,222.1,296.8,320.9,334.8,,0,0,0,0,3,,,,,,
24.9,44.1,0,16.8,0,1.3,0,9.6,3.3,0,,,580,180,AC,,,,,,200,265,,,,,,,0,0.6,100,1.2,3,,,,,,
24.9,44.1,0,16.8,0,1.3,0,9.6,3.3,0,,,580,180,AC,,,,,,400,275,,,,,,,0,2.5,74,7.4,3,,,,,,
24.9,44.1,0,16.8,0,1.3,0,9.6,3.3,0,,,580,180,AC,,,,,,600,285,,,,,,,0,0,0,-10,3,,,,,,
22.3,45.6,,22.1,,,,10,,,,,,,,,,,,,0,376.4,,,,,,,0,0,0,0,3,,,,,,
22.5,47.1,,22.7,,,,7.7,,,,,,,,,,,,,0,381.7,,,,,,,0,0,0,0,3,,,,,,
24.3,47.1,,20.7,,,,7.9,,,,,580,60,AC,,,,,,0,317.5,288,241.1,339.1,373.6,396.9,,0,0,0,0,3,,,,,,
24.3,47.1,,20.7,,,,7.9,,,,,580,120,AC,,,,,,0,303.7,271.2,222.4,324.8,355.3,383.6,,0,0,0,0,3,,,,,,
24.3,47.1,,20.7,,,,7.9,,,,,580,180,AC,,,,,,0,283.9,251.9,179.7,287,340,370,,0,0,0,0,3,,,,,,
24.3,47.1,,20.7,,,,7.9,,,,,580,240,AC,,,,,,0,281.9,248.5,220.3,271,329,360,,0,0,0,0,3,,,,,,
24.3,47.1,,20.7,,,,7.9,,,,,580,300,AC,,,,,,0,245.6,230.5,175.4,260,310,345,,0,0,0,0,3,,,,,,
24.3,47.1,,20.7,,,,7.9,,,,,,,,,,,,,0,330.7,305.6,262.8,,,,,0,0,0,0,3,,,,,,
24.3,47.1,,20.7,,,,7.9,,,,,580,180,AC,,,,,,200,283,,,,,,,0,0.7,100,1.4,3,,,,,,
24.3,47.1,,20.7,,,,7.9,,,,,580,180,AC,,,,,,400,292,,,,,,,0,2.3,86,8,3,,,,,,
24.3,47.1,,20.7,,,,7.9,,,,,580,180,AC,,,,,,500,313,,,,,,,0,2.6,73,9.5,3,,,,,,
24.3,47.1,,20.7,,,,7.9,,,,,580,180,AC,,,,,,600,325,,,,,,,0,0,0,-10,3,,,,,,
26,35,13,24,2,0,0,0,0,0,,,1000,60,WQ,,0,,,,0,98.9,82.2,-1.2,117.7,152.2,149.5,,0,0,0,0,Tian,,,,,,
22.795,42.195,5.82,19.4,0,6.79,0,0,3,0,,,1000,60,WQ,,0,,,,0,315.8,295.7,228.3,383.7,410.7,442,,0,0,0,0,Tian,,,,,,
20,40,8,24,0,8,0,0,0,0,,,1000,60,WQ,,0,,,,0,443.3,431.7,412.3,509.5,528.4,540.2,,0,0,0,0,Tian,,,,,,
20,35,13,24,0,8,0,0,0,0,,,1000,60,WQ,,0,,,,0,354.8,341,313.2,409.6,434.9,450.9,,0,0,0,0,Tian,,,,,,
20,36,12,24,0,8,0,0,0,0,,,1000,60,WQ,,0,,,,0,370.6,351.9,323.6,423.4,443.3,471.3,,0,0,0,0,Tian,,,,,,
26.55,36.45,8.1,18.9,0,0,0,0,10,0,,,1000,60,WQ,,0,,,,0,110.6,94.6,61.7,148.1,167.2,182.3,,0,0,0,0,Tian,,,,,,
21,37,12,23,0,7,0,0,0,0,,,1000,60,WQ,,0,,,,0,341.4,315.3,279.7,352,371.8,395.6,,0,0,0,0,Tian,,,,,,
20,37,11,24,0,8,0,0,0,0,,,1000,60,WQ,,0,,,,0,385,366.3,335.2,434.8,454.7,474.6,,0,0,0,0,Tian,,,,,,
30.9,48.5,0,16.1,0,2.46,0,0,2.04,0,,,1000,60,WQ,,0,,,,0,257.8,251.9,242.1,298.4,306,309.5,,0,0,0,0,Tian,,,,,,
30.9,48.5,0,20,0,0.6,0,0,0,0,,,1000,60,WQ,,0,,,,0,316,309.8,297.3,349.8,357.6,360.6,,0,0,0,0,Tian,,,,,,
30.9,48.5,0,13.5,0,3.7,0,0,3.4,0,,,1000,60,WQ,,0,,,,0,228.2,216.4,197.6,271.8,286.6,292.2,,0,0,0,0,Tian,,,,,,
30.9,48.5,0,18.18,0,1.468,0,0,0.952,0,,,1000,60,WQ,,0,,,,0,289.2,279.5,259,322.7,332.1,341.4,,0,0,0,0,Tian,,,,,,
49.62,50.38,0,0,0,0,0,0,0,0,,,1000,60,WQ,,0,,,,0,27.2,19.9,9.9,44.1,51,54.5,,0,0,0,0,Tian,,,,,,
50,30,20,0,0,0,0,0,0,0,,,1000,60,WQ,,0,,,,0,77.9,71.8,66.3,81.2,87.8,89.7,,0,0,0,0,Tian,,,,,,
50,37.5,12.5,0,0,0,0,0,0,0,,,1000,60,WQ,,0,,,,0,70.7,63.2,58.7,76.5,83.6,85.7,,0,0,0,0,Tian,,,,,,
50,35,15,0,0,0,0,0,0,0,,,1000,60,WQ,,0,,,,0,74.1,67.8,64.2,79,84.7,86.7,,0,0,0,0,Tian,,,,,,
29.7,50.3,0,15,0,5,0,0,0,0,,,1000,60,WQ,,0,,,,0,149.3,144.7,136.2,172.1,176.7,178.2,,0,0,0,0,Pang,,,,,,
30,50,0,15,0,5,0,0,0,0,,,1000,60,WQ,,0,,,,0,223.3,216.5,200.7,243.2,252.9,256.1,,0,0,0,0,Pang,,,,,,
30,45,5,15,0,5,0,0,0,0,,,1000,60,WQ,,0,,,,0,149.9,144.3,128.1,175.3,188.3,194,,0,0,0,0,Pang,,,,,,
30,40,10,15,0,5,0,0,0,0,,,1000,60,WQ,,0,,,,0,75.4,64.4,47.1,94.9,113.4,119.9,,0,0,0,0,Pang,,,,,,
30.5,49.5,0,15,0,5,0,0,0,0,,,1000,60,WQ,,0,,,,0,292.1,284.4,274.8,318,324.9,328.8,,0,0,0,0,Pang,,,,,,
31,49,0,15,0,5,0,0,0,0,,,1000,60,WQ,,0,,,,0,287.6,279.8,268.9,320.1,328.8,331.8,,0,0,0,0,Pang,,,,,,
31.5,48.5,0,5,0,15,0,0,0,0,,,1000,60,WQ,,0,,,,0,265.6,257.7,246.3,295.1,305.5,309.6,,0,0,0,0,Pang,,,,,,
31.5,38.5,10,5,0,15,0,0,0,0,,,1000,60,WQ,,0,,,,0,90.5,86.4,75.3,127.3,139.6,145,,0,0,0,0,Pang,,,,,,
31.5,48.5,0,7.5,0,12.5,0,0,0,0,,,1000,60,WQ,,0,,,,0,272.1,265.3,254.7,302.4,311.5,315,,0,0,0,0,Pang,,,,,,
31.5,48.5,0,10,0,10,0,0,0,0,,,1000,60,WQ,,0,,,,0,278.2,271.7,262,309,317.5,320.8,,0,0,0,0,Pang,,,,,,
31.5,38.5,10,10,0,10,0,0,0,0,,,1000,60,WQ,,0,,,,0,117.8,113.7,99.9,153,164.4,169.4,,0,0,0,0,Pang,,,,,,
31.5,48.5,0,12.5,0,7.5,0,0,0,0,,,1000,60,WQ,,0,,,,0,283,276.5,267.3,315.1,322.7,325.6,,0,0,0,0,Pang,,,,,,
31.5,48.5,0,15,0,5,0,0,0,0,,,1000,60,WQ,,0,,,,0,288.7,282.3,270.3,320.2,327.9,331.2,,0,0,0,0,Pang,,,,,,
31.5,43.5,5,15,0,5,0,0,0,0,,,1000,60,WQ,,0,,,,0,215.1,209,198.7,246.7,256.5,260.8,,0,0,0,0,Pang,,,,,,
31.5,38.5,10,15,0,5,0,0,0,0,,,1000,60,WQ,,0,,,,0,138.9,131,110.7,169.4,184.6,191,,0,0,0,0,Pang,,,,,,
31.5,33.5,15,15,0,5,0,0,0,0,,,1000,60,WQ,,0,,,,0,75.9,67.9,57.9,101.7,114.6,118.7,,0,0,0,0,Pang,,,,,,
31.5,28.5,20,15,0,5,0,0,0,0,,,1000,60,WQ,,0,,,,0,-11.5,-18.2,-27.8,14.3,26,29.8,,0,0,0,0,Pang,,,,,,
31.5,48.5,0,20,0,0,0,0,0,0,,,1000,60,WQ,,0,,,,0,302.6,289.1,268.6,316.4,338.9,345.3,,0,0,0,0,Pang,,,,,,
31.5,43.5,5,20,0,0,0,0,0,0,,,1000,60,WQ,,0,,,,0,233.2,217.3,198,246.7,262.4,277.7,,0,0,0,0,Pang,,,,,,
31.5,38.5,10,20,0,0,0,0,0,0,,,1000,60,WQ,,0,,,,0,164,147.5,128.4,178.7,196,207.3,,0,0,0,0,Pang,,,,,,
31.5,48.5,0,0,0,20,0,0,0,0,,,1000,60,WQ,,0,,,,0,255.3,247.2,235.5,285.5,295.9,300.9,,0,0,0,0,Pang,,,,,,
31.5,43.5,5,0,0,20,0,0,0,0,,,1000,60,WQ,,0,,,,0,164.3,140.9,83.2,158.1,193.6,214.3,,0,0,0,0,Pang,,,,,,
31.5,38.5,10,0,0,20,0,0,0,0,,,1000,60,WQ,,0,,,,0,63.6,52.7,18.9,80.1,97.2,103.2,,0,0,0,0,Pang,,,,,,
33,47,0,15,0,5,0,0,0,0,,,1000,60,WQ,,0,,,,0,291.8,283.9,271.5,325.2,334.2,337.3,,0,0,0,0,Pang,,,,,,
33,42,5,15,0,5,0,0,0,0,,,1000,60,WQ,,0,,,,0,218.3,212.9,205.6,250.3,257,259.9,,0,0,0,0,Pang,,,,,,
33,37,10,15,0,5,0,0,0,0,,,1000,60,WQ,,0,,,,0,146.9,135.9,113.1,173.4,184.3,189.4,,0,0,0,0,Pang,,,,,,
36,44,0,15,0,5,0,0,0,0,,,1000,60,WQ,,0,,,,0,302.7,294,280.8,334.5,343.6,347.1,,0,0,0,0,Pang,,,,,,
36,49,0,15,0,0,0,0,0,0,,,1000,60,WQ,,0,,,,0,186.8,181,162.7,226.5,235.4,238.5,,0,0,0,0,Pang,,,,,,
36,44,5,15,0,0,0,0,0,0,,,1000,60,WQ,,0,,,,0,126,119.6,111.9,166,177.8,182.3,,0,0,0,0,Pang,,,,,,
39,41,0,15,0,5,0,0,0,0,,,1000,60,WQ,,0,,,,0,321.5,314.1,301.8,351,359.3,362.9,,0,0,0,0,Pang,,,,,,
50,30,0,0,0,0,20,0,0,0,,,1000,60,WQ,,0,,,,0,124.78,122.1992,112.38,123.35,130.5351,132.7,,0,0,0,0,xue,,,,,,
50,25,0,0,0,0,25,0,0,0,,,1000,60,WQ,,0,,,,0,171.33,169.7417,157.96,174.86,182.9042,184.75,,0,0,0,0,xue,,,,,,
50,30,0.1,0,0,0,19.9,0,0,0,,,1000,60,WQ,,0,,,,0,120.03,117.5531,109.09,123.18,128.1428,130.71,,0,0,0,0,xue,,,,,,
50,28.1,2.9,0,0,0,19,0,0,0,,,1000,60,WQ,,0,,,,0,96.23,94.11515,90.12,100.19,105.0575,106.44,,0,0,0,0,xue,,,,,,
50,26.6,3.7,0,0,0,19.7,0,0,0,,,1000,60,WQ,,0,,,,0,94.92,92.22809,85.61,100.14,105.9063,109.2,,0,0,0,0,xue,,,,,,
50,26.4,0.5,0,0,0,23.1,0,0,0,,,1000,60,WQ,,0,,,,0,132.48,128.4874,118.84,135.54,142.8326,146.02,,0,0,0,0,xue,,,,,,
37.2,47.8,0,15,0,0,0,0,0,0,,,1000,60,WQ,,0,,,,0,182,169.5,156.7,220,229.5,232.2,,0,0,0,0,xian,,,,,,
38.1,43.7,3.3,14.9,0,0,0,0,0,0,,,1000,60,WQ,,0,,,,0,140.1,131.9,118.7,173.8,188.1,197.9,,0,0,0,0,xian,,,,,,
38,47,0,0,0,15,0,0,0,0,,,1000,60,WQ,,0,,,,0,132.8,123.6,103.2,170.9,180.5,184.6,,0,0,0,0,xian,,,,,,
41.8,47,0,11.2,0,0,0,0,0,0,,,1000,60,WQ,,0,,,,0,109.6,106.7,99.6,160.7,170.8,173.6,,0,0,0,0,xian,,,,,,
43.1,47,0,9.9,0,0,0,0,0,0,,,1000,60,WQ,,0,,,,0,94.6,89.4,81.2,143,155.6,159.1,,0,0,0,0,xian,,,,,,
33.6,47,0,4.5,0,14.9,0,0,0,0,,,1000,60,WQ,,0,,,,0,239.8,233,219.9,268.5,276.9,280.6,,0,0,0,0,xian,,,,,,
35.9,49.1,0,15,0,0,0,0,0,0,,,1000,60,WQ,,0,,,,0,181,174.4,154.9,218.7,226.8,230.1,,0,0,0,0,xian,,,,,,
49.5,47,0,0,0,3.5,0,0,0,0,,,1000,60,WQ,,0,,,,0,46.5,36.9,22.7,63.2,89.2,94.2,,0,0,0,0,xian,,,,,,
40.9,47,0,0,0,12.1,0,0,0,0,,,1000,60,WQ,,0,,,,0,89.6,80.5,70.3,124.1,135.6,140.6,,0,0,0,0,xian,,,,,,
49.8,47,0,0,0,3.2,0,0,0,0,,,1000,60,WQ,,0,,,,0,43.4,32.9,17.1,57.9,81.8,91.7,,0,0,0,0,xian,,,,,,
30,47,0,8,0,15,0,0,0,0,,,1000,60,WQ,,0,,,,0,329.8,322.7,302.9,354.7,366.3,369.9,,0,0,0,0,xian,,,,,,
31.1,47,0,6.9,0,15,0,0,0,0,,,1000,60,WQ,,0,,,,0,301,292.8,273.6,326.1,337.7,341.4,,0,0,0,0,xian,,,,,,
36.6,48.4,0,15,0,0,0,0,0,0,,,1000,60,WQ,,0,,,,0,174.5,169.2,160.2,215.5,222.8,225.7,,0,0,0,0,xian,,,,,,
50.7,47,0,2.3,0,0,0,0,0,0,,,1000,60,WQ,,0,,,,0,58.6,51,39,62.9,93.5,97.2,,0,0,0,0,xian,,,,,,
29.5,47,0,8.5,0,15,0,0,0,0,,,1000,60,WQ,,0,,,,0,343.4,335.9,314.1,368.8,379.7,383.2,,0,0,0,0,xian,,,,,,
30.5,47,0,7.5,0,15,0,0,0,0,,,1000,60,WQ,,0,,,,0,316.8,309.4,292.3,342.8,354.4,357.9,,0,0,0,0,xian,,,,,,
52.3,47.7,0,0,0,0,0,0,0,0,,,1000,60,WQ,,0,,,,0,54.8,48.7,40.3,67.9,81.3,84.5,,0,0,0,0,xian,,,,,,
30.9,47,0,7.5,0,14.6,0,0,0,0,,,1000,60,WQ,,0,,,,0,306.5,297.4,272.2,328.7,342.4,346.8,,0,0,0,0,xian,,,,,,
52.4,47,0,0,0,0.6,0,0,0,0,,,1000,60,WQ,,0,,,,0,52.2,45.1,37.1,64.5,78.3,83.1,,0,0,0,0,xian,,,,,,
52.4,47,0,0.6,0,0,0,0,0,0,,,1000,60,WQ,,0,,,,0,52.4,40.4,30.8,63.4,80.3,89.1,,0,0,0,0,xian,,,,,,
25.7,47,0,12.4,0,14.9,0,0,0,0,,,1000,60,WQ,,0,,,,0,448.7,443.4,430.2,482.5,502.5,507.7,,0,0,0,0,xian,,,,,,
25.8,47,0,12.4,0,14.8,0,0,0,0,,,1000,60,WQ,,0,,,,0,449.4,445.1,433.7,470.1,503.8,509.5,,0,0,0,0,xian,,,,,,
31,47,0,12.4,0,9.6,0,0,0,0,,,1000,60,WQ,,0,,,,0,296.1,292.2,281.7,323.7,331.1,333.4,,0,0,0,0,xian,,,,,,
32.3,47,0,5.7,0,15,0,0,0,0,,,1000,60,WQ,,0,,,,0,265.7,259.3,240.1,293.1,303.1,306.3,,0,0,0,0,xian,,,,,,
25.8,47,0,12.3,0,14.9,0,0,0,0,,,1000,60,WQ,,0,,,,0,449.1,442.4,422.5,468.3,496.3,504.2,,0,0,0,0,xian,,,,,,
29.9,47,0,12.3,0,10.8,0,0,0,0,,,1000,60,WQ,,0,,,,0,342.5,333.2,306.1,364.7,377.9,382.3,,0,0,0,0,xian,,,,,,
36.4,47,0,12.3,0,4.3,0,0,0,0,,,1000,60,WQ,,0,,,,0,202.8,196.9,187.5,235.3,242.7,244.7,,0,0,0,0,xian,,,,,,
25.9,47,0,12.1,0,15,0,0,0,0,,,1000,60,WQ,,0,,,,0,443.8,437.8,423.8,471.7,493.2,498.7,,0,0,0,0,xian,,,,,,
32.4,47,0,12.1,0,8.5,0,0,0,0,,,1000,60,WQ,,0,,,,0,282.4,276.8,263.4,307.9,318.2,320.9,,0,0,0,0,xian,,,,,,
51.7,47,0,1.3,0,0,0,0,0,0,,,1000,60,WQ,,0,,,,0,56,48.7,38.8,68.2,87.8,91.5,,0,0,0,0,xian,,,,,,
49.6,50.4,0,0,0,0,0,0,0,0,,,1000,60,WQ,,0,,,,0,26.6,16.6,7.7,41.5,53.6,60.4,,0,0,0,0,Ding,,,,,,
48.7,51.3,0,0,0,0,0,0,0,0,,,1000,60,WQ,,0,,,,0,-69.7,-79.7,-106,-79.3,-44.1,-13.9,,0,0,0,0,Ding,,,,,,
49.4,50.6,0,0,0,0,0,0,0,0,,,1000,60,WQ,,0,,,,0,11.9,1.5,-7.7,21.4,32.7,41.3,,0,0,0,0,Ding,,,,,,
49.8,50.2,0,0,0,0,0,0,0,0,,,1000,60,WQ,,0,,,,0,48.7,38.6,22.3,57.9,77.2,83.1,,0,0,0,0,Ding,,,,,,
48.8,51.2,0,0,0,0,0,0,0,0,,,1000,60,WQ,,0,,,,0,-70,-90.4,-109.6,-65.6,-51.3,-35,,0,0,0,0,Ding,,,,,,
49.2,50.8,0,0,0,0,0,0,0,0,,,350,900,WQ,,0,,,,0,48.3,44.7,40.9,49.1,51.6,53.6,,0,0,0,0,Ding,,,,,,
49.4,50.6,0,0,0,0,0,0,0,0,,,350,900,WQ,,0,,,,0,47.7,3.2,-9.4,35.9,43.3,47.3,,0,0,0,0,Ding,,,,,,
49,51,0,0,0,0,0,0,0,0,,,350,900,WQ,,0,,,,0,41.6,36.9,32.1,40.3,43.4,46.1,,0,0,0,0,Ding,,,,,,
49.4,50.6,0,0,0,0,0,0,0,0,1000,88,,,,25,30,400,60,WQ,0,55.9,-27.1,-52.9,24.1,42.8,58.7,,0,0,0,0,Ding,,,,,,
49.6,50.4,0,0,0,0,0,0,0,0,1000,88,,,,25,30,450,60,WQ,0,59.6,0.2,-27.3,40.3,55.4,64.6,,0,0,0,0,Ding,,,,,,
49.4,50.6,0,0,0,0,0,0,0,0,1000,88,,,,25,30,450,60,WQ,0,38.3,-35.7,-58.5,26.7,42.5,47.2,,0,0,0,0,Ding,,,,,,
49.6,50.4,0,0,0,0,0,0,0,0,1000,88,,,,25,40,400,60,WQ,0,55.7,-24.4,-64,33.7,55.1,61,,0,0,0,0,Ding,,,,,,
49.6,50.4,0,0,0,0,0,0,0,0,1000,88,,,,25,40,350,60,WQ,0,63.8,-16.4,-61,29.2,48.8,67.2,,0,0,0,0,Ding,,,,,,
49.4,50.6,0,0,0,0,0,0,0,0,1000,88,,,,25,40,400,60,WQ,0,52.2,-41.5,-66.5,17.2,38,56.4,,0,0,0,0,Ding,,,,,,
49.4,50.6,0,0,0,0,0,0,0,0,1000,88,,,,25,50,400,60,WQ,0,53.3,-53,-76.3,16.2,38.7,58.7,,0,0,0,0,Ding,,,,,,
49.4,50.6,0,0,0,0,0,0,0,0,1000,88,,,,25,65,400,60,WQ,0,54.2,-58.5,-90,8.1,51.3,57.7,,0,0,0,0,Ding,,,,,,
49.6,50.4,0,0,0,0,0,0,0,0,1000,88,,,,25,50,400,60,WQ,0,55.7,-20.2,-62.4,42.1,57,57,,0,0,0,0,Ding,,,,,,
49.8,50.2,0,0,0,0,0,0,0,0,1000,88,,,,25,65,400,60,WQ,0,57.5,-7.3,-61.4,53.2,63.1,69.6,,0,0,0,0,Ding,,,,,,
49.8,50.2,0,0,0,0,0,0,0,0,1000,88,,,,25,50,400,15,WQ,0,58.2,-11.1,-54.7,47,60.8,67.5,,0,0,0,0,Ding,,,,,,
48,45,5,2,0,0,0,0,0,0,1000,88,,,,25,40,400,30,WQ,0,19.1,-4,-30,-11.2,21.5,44.5,,0,0,0,0,Dang,,,,,,
48,45,5,2,0,0,0,0,0,0,1000,88,,,,25,40,400,120,WQ,0,18.9,0.1,-21.6,0.8,27.6,45.5,,0,0,0,0,Dang,,,,,,
48,45,5,2,0,0,0,0,0,0,1000,88,,,,25,40,500,30,WQ,0,16.7,6.2,-8.7,17.6,37.7,48.1,,0,0,0,0,Dang,,,,,,
46,45,5,4,0,0,0,0,0,0,1000,88,,,,25,40,400,30,WQ,0,4.6,-33,-75.2,-42.9,-5.8,28.3,,0,0,0,0,Dang,,,,,,
46,45,5,4,0,0,0,0,0,0,1000,88,,,,25,40,400,120,WQ,0,-3.5,-26.2,-48.3,-28.2,3.7,27.7,,0,0,0,0,Dang,,,,,,
46,45,5,4,0,0,0,0,0,0,1000,88,,,,25,40,500,30,WQ,0,-9.4,-23.9,-42.8,-12.2,12,29.3,,0,0,0,0,Dang,,,,,,
49.2,40.8,10,0,0,0,0,0,0,0,1000,88,,,,25,40,400,30,WQ,0,6.1,-8.6,-19.9,-2.8,10,20.7,,0,0,0,0,Dang,,,,,,
50,45,5,0,0,0,0,0,0,0,1000,88,,,,25,40,400,30,WQ,0,28.7,15.4,1.4,23.3,40.4,51,,0,0,0,0,Dang,,,,,,
50,42.5,7.5,0,0,0,0,0,0,0,1000,88,,,,25,40,400,30,WQ,0,34.7,18.8,7.1,26.5,41.8,50.6,,0,0,0,0,Dang,,,,,,
50,40,10,0,0,0,0,0,0,0,1000,88,,,,25,40,400,30,WQ,0,42.7,23.7,10.6,28.6,44.8,55.8,,0,0,0,0,Dang,,,,,,
49.2,40.8,10,0,0,0,0,0,0,0,,,1000,60,WQ,,0,,,,0,-10.4,-15.6,-24.7,-15.6,-5.2,4.6,,0,0,0,0,Dang,,,,,,
49.2,40.8,10,0,0,0,0,0,0,0,,,500,600,WQ,,0,,,,0,-7.7,-15.3,-22.2,-6.3,2.4,7.5,,0,0,0,0,Dang,,,,,,
49.2,40.8,10,0,0,0,0,0,0,0,1000,88,,,,25,40,400,120,WQ,0,10.2,-1.6,-11.1,7.2,18.6,25.9,,0,0,0,0,Dang,,,,,,
49.2,40.8,10,0,0,0,0,0,0,0,1000,88,,,,25,40,500,10.2,WQ,0,24.9,18.7,12.2,32.3,41.9,44.9,,0,0,0,0,Dang,,,,,,
49.2,40.8,10,0,0,0,0,0,0,0,1000,88,,,,25,40,500,30,WQ,0,34.2,27.1,21.5,44.5,52.8,55.5,,0,0,0,0,Dang,,,,,,
49.2,40.8,10,0,0,0,0,0,0,0,1000,88,,,,25,40,1000,60,WQ,0,-14.7,-19.2,-23.6,-9.7,-4.2,-2,,0,0,0,0,Dang,,,,,,
50,40,10,0,0,0,0,0,0,0,1000,88,,,,25,40,250,30,WQ,0,100.2,26.5,-38.8,-2,40.4,92,,0,0,0,0,Dang,,,,,,
49.2,40.8,10,0,0,0,0,0,0,0,1000,88,,,,25,40,250,120,WQ,0,2.5,-15.6,-55.7,-41.3,1.2,10.5,,0,0,0,0,Dang,,,,,,
50,40,10,0,0,0,0,0,0,0,1000,88,,,,25,40,250,120,WQ,0,51.6,24.3,-5.7,-51,41.9,95.6,,0,0,0,0,Dang,,,,,,
49.2,44.8,6,0,0,0,0,0,0,0,1000,88,,,,25,40,400,30,WQ,0,-6.1,-28.2,-48.4,-22.7,-4.1,9.4,,0,0,0,0,Dang,,,,,,
49.2,44.8,6,0,0,0,0,0,0,0,1000,88,,,,25,40,500,30,WQ,0,25.3,17,8.7,33.5,45.8,49.8,,0,0,0,0,Dang,,,,,,
49.2,44.8,6,0,0,0,0,0,0,0,1000,88,,,,25,40,600,30,WQ,0,35,26.8,22.3,48.1,58.5,61.2,,0,0,0,0,Dang,,,,,,
49.2,44.8,6,0,0,0,0,0,0,0,1000,88,,,,25,40,700,30,WQ,0,28,18.8,14.7,40.3,49.6,52.7,,0,0,0,0,Dang,,,,,,
49.2,44.8,6,0,0,0,0,0,0,0,1000,88,,,,25,40,700,10.2,WQ,0,24.7,19.2,15.8,36.7,42.5,44.7,,0,0,0,0,Dang,,,,,,
49.2,44.8,6,0,0,0,0,0,0,0,1000,88,,,,25,40,700,120,WQ,0,29.8,22.9,19.3,41.9,49.1,51.8,,0,0,0,0,Dang,,,,,,
49.2,44.8,6,0,0,0,0,0,0,0,1000,88,,,,25,40,750,60,WQ,0,18.6,11.4,6.5,26.7,35.7,38.6,,0,0,0,0,Dang,,,,,,
49.2,44.8,6,0,0,0,0,0,0,0,1000,88,,,,25,40,800,30,WQ,0,7.2,-1.8,-6.2,14,22.9,26.5,,0,0,0,0,Dang,,,,,,
49.2,44.8,6,0,0,0,0,0,0,0,1000,88,,,,25,40,900,30,WQ,0,-13.4,-33,-42.9,-28,-13.6,0.9,,0,0,0,0,Dang,,,,,,
49.2,44.8,6,0,0,0,0,0,0,0,1000,88,,,,25,40,1000,60,WQ,0,-27.9,-35,-41.6,-27,-18.8,-13.5,,0,0,0,0,Dang,,,,,,
50,40,10,0,0,0,0,0,0,0,1000,88,,,,25,40,250,240,WQ,0,71.3,27.8,-12.4,-1.1,40.2,78.1,,0,0,0,0,Dang,,,,,,
50,40,10,0,0,0,0,0,0,0,1000,88,,,,25,40,1000,60,WQ,0,52.3,46.7,43.1,57.2,62,64,,0,0,0,0,Dang,,,,,,
50,40,10,0,0,0,0,0,0,0,1000,88,,,,25,4,-273,0,WQ,0,51.8,46,40.1,53.3,59.8,63.1,,0,0,0,0,Dang,,,,,,
50,40,10,0,0,0,0,0,0,0,1000,88,,,,25,6,-273,0,WQ,0,51.9,45,36.5,50.6,58.5,63.9,,0,0,0,0,Dang,,,,,,
50,42.5,7.5,0,0,0,0,0,0,0,1000,88,,,,25,40,1000,60,WQ,0,45.8,41.1,37.4,51.2,56.2,58.7,,0,0,0,0,Dang,,,,,,
50,45,5,0,0,0,0,0,0,0,1000,88,,,,25,40,250,120,WQ,0,58.2,13.2,-22.4,-6.3,33.9,63.3,,0,0,0,0,Dang,,,,,,
50,45,5,0,0,0,0,0,0,0,1000,88,,,,25,40,1000,60,WQ,0,47.2,39.1,34.1,52.8,61.6,65.5,,0,0,0,0,Dang,,,,,,
50,45,5,0,0,0,0,0,0,0,1000,88,,,,25,5,-273,0,WQ,0,40.4,31.4,23.6,44.1,54.6,59.4,,0,0,0,0,Dang,,,,,,
48,50,0,0,0,0,0,2,0,0,1000,88,,,,25,40,400,30,WQ,0,47.6,27.1,-30,22.9,55.5,71.1,,0,0,0,0,Dang,,,,,,
46,50,0,0,0,0,0,4,0,0,1000,88,,,,25,40,400,30,WQ,0,39,7,-45.2,-9.1,47.8,75.1,,0,0,0,0,Dang,,,,,,
48,50,0,0,0,0,0,2,0,0,1000,88,,,,25,25,400,30,WQ,0,46.4,29.5,6.6,44.9,64.9,76.3,,0,0,0,0,Dang,,,,,,
46,50,0,0,0,0,0,4,0,0,1000,88,,,,25,25,400,30,WQ,0,44.6,25.9,-3.9,40.2,68.1,83.9,,0,0,0,0,Dang,,,,,,
48,50,0,0,0,0,0,2,0,0,,,1000,60,WQ,,0,,0,,0,55.4,46.2,33.2,70,95.6,100.5,,0,0,0,0,Dang,,,,,,
46,50,0,0,0,0,0,4,0,0,,,1000,60,WQ,,0,,0,,0,58.1,48.6,33.8,74.7,103.6,111.3,,0,0,0,0,Dang,,,,,,
45.12,48.88,0,0,0,0,0,0,6,0,,,1000,60,WQ,,0,,0,,0,-81,-91.1,-102.3,-41.4,-17.3,-7.4,,0,0,0,0,Dang,,,,,,
48.5,49.5,0,0,0,0,0,0,2,0,,,1000,60,WQ,,0,,0,,0,23.2,9.4,-29.6,25.3,57.2,73.9,,0,0,0,0,Dang,,,,,,
48,50,0,0,0,0,0,0,2,0,,,1000,60,WQ,,0,,0,,0,-20.5,-33,-50.6,-8.7,9.3,18,,0,0,0,0,Dang,,,,,,
46,50,0,0,0,0,0,0,4,0,,,1000,60,WQ,,0,,0,,0,-122,-126,-130,-59.9,-50,-42.3,,0,0,0,0,Dang,,,,,,
46.5,49.5,0,2,0,0,0,0,2,0,,,1000,60,WQ,,0,,0,,0,20.3,2,-36.6,31.3,64.9,78,,0,0,0,0,Dang,,,,,,
45.5,50,0,0.5,0,0,0,0,4,0,,,1000,60,WQ,,0,,0,,0,-88.9,-100.2,-108.6,-52.8,-32.9,-21.2,,0,0,0,0,Dang,,,,,,
32.5,45,0,17.5,5,0,0,0,0,0,,,1000,180,WQ,,0,,0,,0,6.8,5.7,-5,48.2,56.5,58.9,,0,0,0,0,Dang,,,,,,
49.4,50.6,0,0,0,0,0,0,0,0,1000,88,,0,,25,40,400,30,WQ,0,57.5,-43,-75,-0.8,30.4,60.7,,0,0,0,0,Dang,,,,,,
49.4,50.6,0,0,0,0,0,0,0,0,1000,88,,0,,25,40,250,120,WQ,0,55,11.9,-49,-22.6,16.5,48.6,,0,0,0,0,Dang,,,,,,
49.2,50.8,0,0,0,0,0,0,0,0,,,250,120,WQ,,0,,0,,0,-26.5,-27.1,-30,0.9,7.1,8.9,,0,0,0,0,Dang,,,,,,
49.2,50.8,0,0,0,0,0,0,0,0,,,250,600,WQ,,0,,0,,0,23.2,18.2,13.2,21.6,26.3,29.4,,0,0,0,0,Dang,,,,,,
49.2,50.8,0,0,0,0,0,0,0,0,,,300,180,WQ,,0,,0,,0,34.1,29.6,24.4,34.1,38.3,40.8,,0,0,0,0,Dang,,,,,,
49.2,50.8,0,0,0,0,0,0,0,0,,,300,600,WQ,,0,,0,,0,40.9,37.8,34.2,43.6,46.2,48.2,,0,0,0,0,Dang,,,,,,
49.2,50.8,0,0,0,0,0,0,0,0,,,1000,60,WQ,,0,,0,,0,-10.3,-16.4,-25.7,3.4,12.6,20.4,,0,0,0,0,Dang,,,,,,
50,50,0,0,0,0,0,0,0,0,1000,88,,0,,25,40,250,120,WQ,0,72.8,46.4,-34.8,20.8,60.1,86.8,,0,0,0,0,Dang,,,,,,
50,50,0,0,0,0,0,0,0,0,1000,88,,0,,25,44,400,30,WQ,0,59.5,-4.1,-39.6,42.5,60.1,70.1,,0,0,0,0,Dang,,,,,,
50,50,0,0,0,0,0,0,0,0,1000,88,,0,,25,44,500,30,WQ,0,52.9,17,4.1,56.8,67.2,73,,0,0,0,0,Dang,,,,,,
50,50,0,0,0,0,0,0,0,0,1000,88,,0,,25,44,550,30,WQ,0,49.5,40,29,67.3,76.1,79.8,,0,0,0,0,Dang,,,,,,
50,50,0,0,0,0,0,0,0,0,1000,88,,0,,25,44,600,30,WQ,0,51.3,46.1,39.8,67.2,79.1,86.5,,0,0,0,0,Dang,,,,,,
50,50,0,0,0,0,0,0,0,0,1000,88,,0,,25,44,400,60,WQ,0,56.3,1.6,-26,52.6,62.5,69.9,,0,0,0,0,Dang,,,,,,
49,51,0,0,0,0,0,0,0,0,1000,88,,0,,25,40,400,30,WQ,0,45.9,32.4,7.4,16.4,36.8,50.3,,0,0,0,0,Dang,,,,,,
49,51,0,0,0,0,0,0,0,0,,,300,60,WQ,,0,,0,,0,17.9,10.9,1.5,10.1,18.3,23.1,,0,0,0,0,Dang,,,,,,
49,51,0,0,0,0,0,0,0,0,,,350,60,WQ,,0,,0,,0,35.7,28.4,17.5,28.3,35.7,39.9,,0,0,0,0,Dang,,,,,,
49,51,0,0,0,0,0,0,0,0,,,1000,60,WQ,,0,,0,,0,-65.4,-73.6,-83.2,-49.3,-39.6,-33.2,,0,0,0,0,Dang,,,,,,
50.5,46,0.5,0,0,0,3,0,0,0,,,1000,60,WQ,,0,,0,,0,58.3,50,41.1,66.5,84.3,88.1,,0,0,0,0,Shi,,,,,,
50.5,46.5,0.5,0,0,0,2.5,0,0,0,,,1000,60,WQ,,0,,0,,0,62.9,51.2,42.9,69.8,85.1,90.7,,0,0,0,0,Shi,,,,,,
50,49,0.5,0,0.5,0,0,0,0,0,,,1000,60,WQ,,0,,0,,0,18.8,-9.5,-24.7,21.3,33.9,38.1,,0,0,0,0,Shi,,,,,,
50.5,45.5,0.5,0,0.5,0,3,0,0,0,,,1000,60,WQ,,0,,0,,0,44.8,35.7,23.6,56.1,70.1,74.9,,0,0,0,0,Shi,,,,,,
24,37,11,19,0,9,0,0,0,0,,,1000,60,WQ,,0,,0,,0,295.8,277.3,248.8,298.8,319,341.7,,0,0,0,0,Wang,,,,,,
20,37,13,24,0,6,0,0,0,0,,,1000,60,WQ,,0,,0,,0,215.5,180.6,112.1,182.4,231.4,259.3,,0,0,0,0,Wang,,,,,,
22.5,37.5,11,19,0,10,0,0,0,0,,,1000,60,WQ,,0,,0,,0,313.3,289.1,245.8,325.5,365.4,388.7,,0,0,0,0,Wang,,,,,,
16.67,25,25,16.66,0,16.67,0,0,0,0,,,1000,60,WQ,,0,,0,,0,105,81,30,88.9,128.4,153.9,,0,0,0,0,Wang,,,,,,
16.67,35,15,16.66,0,16.67,0,0,0,0,,,1000,60,WQ,,0,,0,,0,307.6,292.2,213.9,424.8,453.2,469.1,,0,0,0,0,Wang,,,,,,
14,28,20,30,0,8,0,0,0,0,,,1000,60,WQ,,0,,0,,0,348.2,323.3,282.2,430.4,453,475.9,,0,0,0,0,Wang,,,,,,
50,48,0,0,2,0,0,0,0,0,,,1000,60,WQ,,0,,0,,0,32.5,12.5,-3.6,44,57.2,61,,0,0,0,0,Pang,,,,,,
50,49,0,0,1,0,0,0,0,0,,,1000,60,WQ,,0,,0,,0,34.5,27.4,14.6,49.4,67.7,72,,0,0,0,0,Pang,,,,,,
38.7,49.3,0,3,0,9,0,0,0,0,,,1000,240,WQ,,0,,0,,0,120.9,115,102.6,147.3,168.2,177.3,,0,0,0,0,Li,,,,,,
37,45,4,2,0,12,0,0,0,0,,,1000,240,WQ,,0,,0,,0,94.6,88,63.7,126.6,138.6,143.7,,0,0,0,0,Li,,,,,,
38.7,49.3,0,4,0,8,0,0,0,0,,,1000,240,WQ,,0,,0,,0,122.3,117.3,104.6,156.3,169.9,175.4,,0,0,0,0,Li,,,,,,
38,45,4,3,0,10,0,0,0,0,,,1000,240,WQ,,0,,0,,0,80.9,76.5,64.2,114.9,127.4,131.3,,0,0,0,0,Li,,,,,,
37,45,4,3,0,11,0,0,0,0,,,1000,240,WQ,,0,,0,,0,85.8,80.6,48.9,123.1,138.2,144.5,,0,0,0,0,Li,,,,,,
38,45,4,0,0,13,0,0,0,0,,,1000,240,WQ,,0,,0,,0,69.5,65,47.3,82.5,116.6,121.2,,0,0,0,0,Li,,,,,,
37,45,4,0,0,14,0,0,0,0,,,1000,120,WQ,,0,,0,,0,88.3,82.2,32,107.8,127.7,136.8,,0,0,0,0,Li,,,,,,
39,49,0,0,0,12,0,0,0,0,,,1000,120,WQ,,0,,0,,0,111.1,104.8,85.2,127.7,154.6,164.4,,0,0,0,0,Li,,,,,,
38,49,0,0,0,13,0,0,0,0,,,1000,120,WQ,,0,,0,,0,132.9,123.5,93.9,144.9,172.9,183.8,,0,0,0,0,Li,,,,,,
38.7,49.3,0,2,0,10,0,0,0,0,,,1000,120,WQ,,0,,0,,0,120.4,114.3,102.5,140.9,164,174.8,,0,0,0,0,Li,,,,,,
38,45,4,1,0,12,0,0,0,0,,,1000,120,WQ,,0,,0,,0,72.2,68.9,56.9,86.2,118.7,125.3,,0,0,0,0,Li,,,,,,
30,50,0,20,0,0,0,0,0,0,,,1000,240,WQ,,0,,0,,0,214.4,208.2,196.2,230.8,239.1,242.3,,0,0,0,0,Li,,,,,,
30.2,48.8,1,20,0,0,0,0,0,0,,,1000,240,WQ,,0,,0,,0,250.2,244.9,227.1,265.2,278.9,283.7,,0,0,0,0,Li,,,,,,
30.1,49.9,0,20,0,0,0,0,0,0,,,1000,240,WQ,,0,,0,,0,234.1,226.2,207.1,245.3,259.3,263.7,,0,0,0,0,Li,,,,,,
30,50,0,19,0,1,0,0,0,0,,,1000,240,WQ,,0,,0,,0,208.7,204.1,197.2,227.1,234.5,237.7,,0,0,0,0,Li,,,,,,
30.3,48.7,1,19,0,1,0,0,0,0,,,1000,240,WQ,,0,,0,,0,272.6,268.7,255,288.6,300.1,304.3,,0,0,0,0,Li,,,,,,
30.4,48.6,1,19,0,1,0,0,0,0,,,1000,240,WQ,,0,,0,,0,281.6,275.6,240,294.9,308.2,313.3,,0,0,0,0,Li,,,,,,
24.75,45,0,20.25,0,0,0,0,10,0,,,1000,120,WQ,,0,,0,,0,309.7,286.4,252.7,313.3,341.2,376.5,,0,0,0,0,Li,,,,,,
24.75,45,0,20.25,0,0,0,0,10,0,1000,88,,0,,25,30,600,60,WQ,0,163.1,106.1,92,99,171.3,232,,0,0,0,0,Li,,,,,,
24.75,45,0,20.25,0,0,0,0,10,0,1000,88,,0,,25,30,650,60,WQ,0,162.2,137.5,102.8,181.1,220,251.3,,0,0,0,0,Li,,,,,,
30.875,47.5,0,16.625,0,0,0,0,5,0,,,1000,240,WQ,,0,,0,,0,221.5,209,181.4,235.4,255.6,266.9,,0,0,0,0,Li,,,,,,
30.875,47.5,0,16.625,0,0,0,0,5,0,,,550,180,WQ,,0,,0,,0,196.6,183.4,156.3,214.8,237.1,246.1,,0,0,0,0,Li,,,,,,
29.9,46,0,16.1,0,0,0,0,8,0,,,1000,240,WQ,,0,,0,,0,193,183,166,220.9,235.2,243.2,,0,0,0,0,Li,,,,,,
29.9,46,0,16.1,0,0,0,0,8,0,1000,88,,0,,25,20,550,180,WQ,0,92.7,46,-33.2,17.2,121.3,192.8,,0,0,0,0,Li,,,,,,
29.25,45,0,15.75,0,0,0,0,10,0,,,1000,240,WQ,,0,,0,,0,210.1,197.5,170.6,234.3,254.4,260.8,,0,0,0,0,Li,,,,,,
29.25,45,0,15.75,0,0,0,0,10,0,,,550,180,WQ,,0,,0,,0,183.8,170.3,140.4,204.7,226.1,233.6,,0,0,0,0,Li,,,,,,
29.25,45,0,15.75,0,0,0,0,10,0,1000,88,,0,,,25,650,60,WQ,0,56.4,44.9,17.5,86,110.3,120.4,,0,0,0,0,Li,,,,,,
29.25,45,0,15.75,0,0,0,0,10,0,,,600,180,WQ,,0,,0,,0,159.7,151.9,120.3,181.2,198.5,205.4,,0,0,0,0,Li,,,,,,
29.25,45,0,15.75,0,0,0,0,10,0,1000,88,,0,,,30,450,30,WQ,0,120.5,51.5,25.4,32.3,129.8,220.9,,0,0,0,0,Li,,,,,,
29.25,45,0,15.75,0,0,0,0,10,0,1000,88,,0,,,30,500,60,WQ,0,43.6,29.6,-36.5,18,103.6,146.1,,0,0,0,0,Li,,,,,,
29.25,45,0,15.75,0,0,0,0,10,0,1000,88,,0,,,30,550,60,WQ,0,77.9,1.7,-20.3,15.8,74,148.3,,0,0,0,0,Li,,,,,,
29.25,45,0,15.75,0,0,0,0,10,0,1000,88,,0,,,30,600,180,WQ,0,29.1,11.3,-10.7,56.5,90.6,114,,0,0,0,0,Li,,,,,,
29.25,45,0,15.75,0,0,0,0,10,0,1000,88,,0,,,30,650,180,WQ,0,62.7,54.7,41.7,114.5,130.4,137.7,,0,0,0,0,Li,,,,,,
29.25,45,0,15.75,0,0,0,0,10,0,1000,88,,0,,,30,650,30,WQ,0,50.2,33.9,8.2,86.8,107.7,123.1,,0,0,0,0,Li,,,,,,
29.25,45,0,15.75,0,0,0,0,10,0,1000,88,,0,,,30,650,60,WQ,0,61.8,51.3,33.9,105.1,121.1,130.8,,0,0,0,0,Li,,,,,,
27.625,42.5,0,14.875,0,0,0,0,15,0,,,550,180,WQ,,0,,0,,0,123.1,109.9,92.5,156.7,171.8,181.6,,0,0,0,0,Li,,,,,,
27.625,42.5,0,14.875,0,0,0,0,15,0,,,1000,240,WQ,,0,,0,,0,150.7,137.6,118.1,189.7,205.1,216.8,,0,0,0,0,Li,,,,,,
27.625,42.5,0,14.875,0,0,0,0,15,0,,,650,60,WQ,,0,,0,,0,77,70.2,62.5,123.1,131.1,137.7,,0,0,0,0,Li,,,,,,
27.625,42.5,0,14.875,0,0,0,0,15,0,1000,88,,0,,,30,550,60,WQ,0,-1,-4.8,-10.5,-45.2,71,167.3,,0,0,0,0,Li,,,,,,
27.625,42.5,0,14.875,0,0,0,0,15,0,1000,88,,0,,,30,600,60,WQ,0,9.1,-24.3,-59.6,1.1,63.3,111.6,,0,0,0,0,Li,,,,,,
27.625,42.5,0,14.875,0,0,0,0,15,0,1000,88,,0,,,30,650,60,WQ,0,38.8,19.8,2,75.9,96.3,110.7,,0,0,0,0,Li,,,,,,
27.625,42.5,0,14.875,0,0,0,0,15,0,1000,88,,0,,,50,650,60,WQ,0,28.5,14.9,0.8,77.5,95.8,108.6,,0,0,0,0,Li,,,,,,
27.625,42.5,0,14.875,0,0,0,0,15,0,1000,88,,0,,,50,650,180,WQ,0,37.1,25.8,14.1,83.8,102.2,113,,0,0,0,0,Li,,,,,,
14,40,0,26,0,0,0,0,20,0,,,1000,240,WQ,,0,,0,,0,167.7,142.9,96.3,177.3,210.3,225.1,,0,0,0,0,Li,,,,,,
14,40,0,26,0,0,0,0,20,0,,,550,180,WQ,,0,,0,,0,138.8,114.1,78.1,144.5,170.7,189.2,,0,0,0,0,Li,,,,,,
13.125,37.5,0,24.375,0,0,0,0,25,0,,,1000,240,WQ,,0,,0,,0,159.8,134.9,96.5,170.7,197.5,210.2,,0,0,0,0,Li,,,,,,
13.125,37.5,0,24.375,0,0,0,0,25,0,,,550,180,WQ,,0,,0,,0,118.2,106.6,70,148.6,164.5,171.8,,0,0,0,0,Li,,,,,,
51,29.4,19.6,0,0,0,0,0,0,0,,,1000,120,WQ,,0,,0,,0,76.8,66.9,60.9,79.6,88.8,91.9,,0,0,0,0,liu,,,,,,
45.9,29.4,19.6,5.1,0,0,0,0,0,0,,,1000,120,WQ,,0,,0,,0,34.8,29.4,20,33.1,43.4,46.9,,0,0,0,0,liu,,,,,,
40.8,29.4,19.6,10.2,0,0,0,0,0,0,,,1000,120,WQ,,0,,0,,0,-15.8,-24.5,-36.5,-0.7,8.7,15.5,,0,0,0,0,liu,,,,,,
35.7,29.4,19.6,15.3,0,0,0,0,0,0,,,1000,120,WQ,,0,,0,,0,-10.1,-21.6,-35.3,-2,13.8,23,,0,0,0,0,liu,,,,,,
30.6,29.4,19.6,20.4,0,0,0,0,0,0,,,1000,120,WQ,,0,,0,,0,28.5,4.8,-6.1,36.7,52.1,72.5,,0,0,0,0,liu,,,,,,
25.5,29.4,19.6,25.5,0,0,0,0,0,0,,,1000,120,WQ,,0,,0,,0,137.6,124.8,90.7,137.8,163.5,179.6,,0,0,0,0,liu,,,,,,
30.6,49,0,20.4,0,0,0,0,0,0,,,1000,120,WQ,,0,,0,,0,310.7,294.7,250.9,309.1,340.5,350.6,,0,0,0,0,liu,,,,,,
30.6,44.1,4.9,20.4,0,0,0,0,0,0,,,1000,120,WQ,,0,,0,,0,238.8,229.1,199.3,250.2,279.4,288.1,,0,0,0,0,liu,,,,,,
30.6,39.2,9.8,20.4,0,0,0,0,0,0,,,1000,120,WQ,,0,,0,,0,171.8,155,122.3,168.6,196.3,224.8,,0,0,0,0,liu,,,,,,
30.6,34.3,14.7,20.4,0,0,0,0,0,0,,,1000,120,WQ,,0,,0,,0,94.9,90.7,84.1,112,130.2,146.2,,0,0,0,0,liu,,,,,,
30.6,24.5,24.5,20.4,0,0,0,0,0,0,,,1000,120,WQ,,0,,0,,0,-88,-94.3,-112.2,-67,-49.8,-43.3,,0,0,0,0,liu,,,,,,
35,35,10,10,0,0,0,0,10,0,,,1000,240,WQ,,0,,0,,0,-111,-139,-154,-75.5,-59.7,-47.5,,0,0,0,0,zy,,,,,,
37.5,37.5,10,10,0,0,0,0,5,0,,,1000,240,WQ,,0,,0,,0,-27.4,-33.7,-43.1,-0.1,9.5,14.5,,0,0,0,0,zy,,,,,,
40,40,10,10,0,0,0,0,0,0,,,1000,240,WQ,,0,,0,,0,28.5,18.1,-5.9,24,47.4,62.9,,0,0,0,0,zy,,,,,,
